timestamp_utc,tripId,codTren,codLinea,retrasoMin,codEstAct,codEstSig,horaLlegadaSigEst,codEstDest,codEstOrig,porAvanc,latitud,longitud,nucleo,accesible,via,nextVia
2026-04-15T00:00:47Z,1002X20941C5,20941,C5,0,35606,35607,2026-04-16T01:00:00,35607,35002,S,40.32875,-3.8636916,10,False,2,2
2026-04-15T00:05:24Z,1002X20941C5,20941,C5,0,35606,35607,2026-04-16T01:00:00,35607,35002,S,40.32875,-3.8636916,10,False,2,2
2026-04-15T00:10:29Z,1002X20941C5,20941,C5,0,35606,35607,2026-04-16T01:00:00,35607,35002,S,40.32875,-3.8636916,10,False,2,2
2026-04-15T00:15:31Z,1002X20941C5,20941,C5,0,35606,35607,2026-04-16T01:00:00,35607,35002,S,40.32875,-3.8636916,10,False,2,2
2026-04-15T00:20:27Z,1002X20941C5,20941,C5,0,35606,35607,2026-04-16T01:00:00,35607,35002,S,40.32875,-3.8636916,10,False,2,2
2026-04-15T00:25:26Z,1002X20941C5,20941,C5,0,35606,35607,2026-04-16T01:00:00,35607,35002,S,40.32875,-3.8636916,10,False,2,2
2026-04-15T00:30:39Z,1002X20941C5,20941,C5,0,35606,35607,2026-04-16T01:00:00,35607,35002,S,40.32875,-3.8636916,10,False,2,2
2026-04-15T00:35:27Z,1002X20941C5,20941,C5,0,35606,35607,2026-04-16T01:00:00,35607,35002,S,40.32875,-3.8636916,10,False,2,2
2026-04-15T00:40:29Z,1002X20941C5,20941,C5,0,35606,35607,2026-04-16T01:00:00,35607,35002,S,40.32875,-3.8636916,10,False,2,2
2026-04-15T00:45:29Z,1002X20941C5,20941,C5,0,35606,35607,2026-04-16T01:00:00,35607,35002,S,40.32875,-3.8636916,10,False,2,2
2026-04-15T00:50:29Z,1002X20941C5,20941,C5,0,35606,35607,2026-04-16T01:00:00,35607,35002,S,40.32875,-3.8636916,10,False,2,2
2026-04-15T00:55:25Z,1002X20941C5,20941,C5,0,35606,35607,2026-04-16T01:00:00,35607,35002,S,40.32875,-3.8636916,10,False,2,2
2026-04-15T01:00:47Z,1002X20941C5,20941,C5,0,35606,35607,2026-04-16T01:00:00,35607,35002,S,40.32875,-3.8636916,10,False,2,2
2026-04-15T01:05:24Z,1002X20941C5,20941,C5,0,35606,35607,2026-04-16T01:00:00,35607,35002,S,40.32875,-3.8636916,10,False,2,2
2026-04-15T01:10:29Z,1002X20941C5,20941,C5,0,35606,35607,2026-04-16T01:00:00,35607,35002,S,40.32875,-3.8636916,10,False,2,2
2026-04-15T01:15:30Z,1002X20941C5,20941,C5,0,35606,35607,2026-04-16T01:00:00,35607,35002,S,40.32875,-3.8636916,10,False,2,2
2026-04-15T01:20:26Z,1002X20941C5,20941,C5,0,35606,35607,2026-04-16T01:00:00,35607,35002,S,40.32875,-3.8636916,10,False,2,2
2026-04-15T01:25:24Z,1002X20941C5,20941,C5,0,35606,35607,2026-04-16T01:00:00,35607,35002,S,40.32875,-3.8636916,10,False,2,2
2026-04-15T01:30:39Z,1002X20941C5,20941,C5,0,35606,35607,2026-04-16T01:00:00,35607,35002,S,40.32875,-3.8636916,10,False,2,2
2026-04-15T01:35:26Z,1002X21506C2,21506,C2,0,18002,18001,2026-04-15T05:48:00,70200,18002,E,40.44655,-3.691473,10,True,2,2
2026-04-15T01:40:27Z,1002X21506C2,21506,C2,0,18002,18001,2026-04-15T05:48:00,70200,18002,E,40.44655,-3.691473,10,True,2,2
2026-04-15T01:45:31Z,1002X21506C2,21506,C2,0,18002,18001,2026-04-15T05:48:00,70200,18002,E,40.44655,-3.691473,10,True,2,2
2026-04-15T01:50:26Z,1002X21506C2,21506,C2,0,18002,18001,2026-04-15T05:48:00,70200,18002,E,40.44655,-3.691473,10,True,2,2
2026-04-15T01:55:25Z,1002X21506C2,21506,C2,0,18002,18001,2026-04-15T05:48:00,70200,18002,E,40.44655,-3.691473,10,True,2,2
2026-04-15T02:00:49Z,1002X21506C2,21506,C2,0,18002,18001,2026-04-15T05:48:00,70200,18002,E,40.44655,-3.691473,10,True,2,2
2026-04-15T02:05:26Z,1002X21506C2,21506,C2,0,18002,18001,2026-04-15T05:48:00,70200,18002,E,40.44655,-3.691473,10,True,2,2
2026-04-15T02:10:27Z,1002X21506C2,21506,C2,0,18002,18001,2026-04-15T05:48:00,70200,18002,E,40.44655,-3.691473,10,True,2,2
2026-04-15T02:15:27Z,1002X21506C2,21506,C2,0,18002,18001,2026-04-15T05:48:00,70200,18002,E,40.44655,-3.691473,10,True,2,2
2026-04-15T02:20:27Z,1002X21506C2,21506,C2,0,18002,18001,2026-04-15T05:48:00,70200,18002,E,40.44655,-3.691473,10,True,2,2
2026-04-15T02:25:23Z,1002X20203C4a,20203,C4a,0,18000,18101,2026-04-15T04:57:00,19003,18000,E,40.40654,-3.6895106,10,True,6,1
2026-04-15T02:30:37Z,1002X20203C4a,20203,C4a,0,18000,18101,2026-04-15T04:57:00,19003,18000,E,40.40654,-3.6895106,10,True,6,1
2026-04-15T02:30:37Z,1002X19502C5,19502,C5,0,35607,35606,2026-04-15T05:01:00,35012,35607,E,40.330883,-3.8823783,10,False,2,1
2026-04-15T02:30:37Z,1002X21500C2,21500,C2,0,17000,18002,2026-04-15T05:04:00,70200,17000,E,40.47097,-3.68245,10,False,12,2
2026-04-15T02:35:24Z,1002X19502C5,19502,C5,0,35607,35606,2026-04-15T05:01:00,35012,35607,E,40.330883,-3.8823783,10,False,2,1
2026-04-15T02:35:24Z,1002X20203C4a,20203,C4a,0,18000,18101,2026-04-15T04:57:00,19003,18000,E,40.40654,-3.6895106,10,True,6,1
2026-04-15T02:35:24Z,1002X21500C2,21500,C2,0,17000,18002,2026-04-15T05:04:00,70200,17000,E,40.47097,-3.68245,10,False,12,2
2026-04-15T02:40:27Z,1002X21703C2,21703,C2,0,70103,70111,2026-04-15T05:08:00,10203,70103,E,40.489193,-3.3662832,10,False,5,1
2026-04-15T02:40:27Z,1002X20403C4b,20403,C4b,0,17000,17001,2026-04-15T05:10:00,17005,17000,E,40.471325,-3.6833096,10,True,5,1
2026-04-15T02:40:27Z,1002X19502C5,19502,C5,0,35607,35606,2026-04-15T05:01:00,35012,35607,E,40.330883,-3.8823783,10,False,2,1
2026-04-15T02:40:27Z,1002X20203C4a,20203,C4a,0,18000,18101,2026-04-15T04:57:00,19003,18000,E,40.40654,-3.6895106,10,True,6,1
2026-04-15T02:40:27Z,1002X21500C2,21500,C2,0,17000,18002,2026-04-15T05:04:00,70200,17000,E,40.47097,-3.68245,10,False,12,2
2026-04-15T02:45:29Z,1002X21703C2,21703,C2,0,70103,70111,2026-04-15T05:08:00,10203,70103,E,40.489193,-3.3662832,10,False,5,1
2026-04-15T02:45:29Z,1002X20203C4a,20203,C4a,0,18000,18101,2026-04-15T04:57:00,19003,18000,E,40.40654,-3.6895106,10,True,6,1
2026-04-15T02:45:29Z,1002X21500C2,21500,C2,0,17000,18002,2026-04-15T05:04:00,70200,17000,E,40.47097,-3.68245,10,False,12,2
2026-04-15T02:45:29Z,1002X19502C5,19502,C5,0,35607,35606,2026-04-15T05:01:00,35012,35607,E,40.330883,-3.8823783,10,False,2,1
2026-04-15T02:45:29Z,1002X20403C4b,20403,C4b,0,17000,17001,2026-04-15T05:10:00,17005,17000,E,40.471325,-3.6833096,10,True,5,1
2026-04-15T02:45:29Z,1002X19504C5,19504,C5,0,35607,35606,2026-04-15T05:16:00,35012,35607,E,40.330883,-3.8823783,10,False,2,1
2026-04-15T02:45:29Z,1002X78002C3,78002,C3,0,17000,18002,2026-04-15T05:16:00,60200,17000,E,40.471382,-3.6834786,10,False,2,8
2026-04-15T02:45:29Z,1002X19503C5,19503,C5,0,35012,35002,2026-04-15T05:16:00,35607,35012,E,40.25559,-3.8284667,10,False,1,1
2026-04-15T02:50:32Z,5102X78280R2,78280,R2,5,71701,71701,2026-04-15T04:56:05,79200,71700,A,41.27745,1.9777229,50,True,2,2
2026-04-15T02:50:32Z,5102X25702R1,25702,R1,0,79500,79500,2026-04-15T05:01:00,72305,79500,A,41.53325,2.4456325,50,True,2,2
2026-04-15T02:50:32Z,1002X19504C5,19504,C5,0,35607,35606,2026-04-15T05:16:00,35012,35607,E,40.330883,-3.8823783,10,False,2,1
2026-04-15T02:50:32Z,1002X19503C5,19503,C5,0,35012,35002,2026-04-15T05:16:00,35607,35012,E,40.25559,-3.8284667,10,False,1,1
2026-04-15T02:50:32Z,1002X21703C2,21703,C2,0,70103,70111,2026-04-15T05:08:00,10203,70103,E,40.489193,-3.3662832,10,False,5,1
2026-04-15T02:50:32Z,1002X20203C4a,20203,C4a,0,18000,18101,2026-04-15T04:57:00,19003,18000,E,40.40654,-3.6895106,10,True,6,1
2026-04-15T02:50:32Z,1002X78002C3,78002,C3,0,17000,18002,2026-04-15T05:16:00,60200,17000,E,40.471382,-3.6834786,10,False,2,8
2026-04-15T02:50:32Z,1002X19799C1,19799,C1,0,18000,18001,2026-04-15T05:18:00,98305,18000,E,40.470993,-3.6825814,10,False,1,1
2026-04-15T02:50:32Z,1002X21501C2,21501,C2,0,70200,70105,2026-04-15T05:24:00,17000,70200,E,40.644257,-3.1823237,10,False,1,1
2026-04-15T02:50:32Z,1002X20403C4b,20403,C4b,0,17000,17001,2026-04-15T05:10:00,17005,17000,E,40.471325,-3.6833096,10,True,5,1
2026-04-15T02:50:32Z,1002X21500C2,21500,C2,0,17000,18002,2026-04-15T05:04:00,70200,17000,E,40.47097,-3.68245,10,False,12,2
2026-04-15T02:50:32Z,1002X19502C5,19502,C5,0,35607,35606,2026-04-15T05:01:00,35012,35607,E,40.330883,-3.8823783,10,False,2,1
2026-04-15T02:55:24Z,3002X23500C1,23500,C1,0,51003,51003,2026-04-15T05:08:00,51203,51003,A,37.392567,-5.9749837,30,False,9,9
2026-04-15T02:55:24Z,1002X19799C1,19799,C1,0,18000,18001,2026-04-15T05:18:00,98305,18000,E,40.470993,-3.6825814,10,False,1,1
2026-04-15T02:55:24Z,1002X21703C2,21703,C2,0,70103,70111,2026-04-15T05:08:00,10203,70103,E,40.489193,-3.3662832,10,False,5,1
2026-04-15T02:55:24Z,1002X78002C3,78002,C3,0,17000,18002,2026-04-15T05:16:00,60200,17000,E,40.471382,-3.6834786,10,False,2,8
2026-04-15T02:55:24Z,1002X19504C5,19504,C5,0,35607,35606,2026-04-15T05:16:00,35012,35607,E,40.330883,-3.8823783,10,False,2,1
2026-04-15T02:55:24Z,1002X21501C2,21501,C2,0,70200,70105,2026-04-15T05:24:00,17000,70200,E,40.644257,-3.1823237,10,False,1,1
2026-04-15T02:55:24Z,1002X21500C2,21500,C2,0,17000,18002,2026-04-15T05:04:00,70200,17000,E,40.47097,-3.68245,10,False,12,2
2026-04-15T02:55:24Z,1002X19502C5,19502,C5,0,35607,35606,2026-04-15T05:01:00,35012,35607,E,40.330883,-3.8823783,10,False,2,1
2026-04-15T02:55:24Z,1002X20403C4b,20403,C4b,0,17000,17001,2026-04-15T05:10:00,17005,17000,E,40.471325,-3.6833096,10,True,5,1
2026-04-15T02:55:24Z,1002X20405C4b,20405,C4b,0,18000,18101,2026-04-15T05:27:00,17005,18000,E,40.40654,-3.6895106,10,True,6,1
2026-04-15T02:55:24Z,1002X19503C5,19503,C5,0,35012,35002,2026-04-15T05:16:00,35607,35012,E,40.25559,-3.8284667,10,False,1,1
2026-04-15T02:55:24Z,1002X19505C5,19505,C5,0,35012,35002,2026-04-15T05:25:00,35607,35012,E,40.25559,-3.8284667,10,False,1,1
2026-04-15T02:55:24Z,1002X20203C4a,20203,C4a,0,18000,18101,2026-04-15T04:57:00,19003,18000,E,40.40654,-3.6895106,10,True,6,1
2026-04-15T03:00:47Z,3002X23500C1,23500,C1,0,51003,51003,2026-04-15T05:08:00,51203,51003,A,37.392567,-5.9749837,30,False,9,9
2026-04-15T03:00:47Z,4002X24101C2,24101,C2,0,64100,64100,2026-04-15T05:10:00,64006,64100,A,38.992313,-0.5246103,40,False,1,1
2026-04-15T03:00:47Z,5102X77600R4,77600,R4,0,72211,72211,2026-04-15T05:01:31,78700,72209,A,41.43529,2.0024726,50,True,2,2
2026-04-15T03:00:47Z,5102X78280R2,78280,R2,9,71703,71703,2026-04-15T05:07:43,79200,71700,A,41.27745,1.9777229,50,True,2,2
2026-04-15T03:00:47Z,5102X25602R1,25602,R1,1,79603,79602,2026-04-15T05:04:40,72305,79603,1.0,41.61446,2.6656144,50,True,1,1
2026-04-15T03:00:47Z,5102X28400R2N,28400,R2N,1,79100,79007,2026-04-15T05:05:11,72400,79100,11.0,41.591717,2.2903264,50,True,2,2
2026-04-15T03:00:47Z,6102X35655C1,35655,C1,1,11400,11402,2026-04-15T05:08:55,11600,11400,E,43.086685,-2.3198454,61,False,4,1
2026-04-15T03:00:47Z,6202X71150C2,71150,C2,0,14223,14223,2026-04-15T05:15:00,05637,14223,A,43.45811,-3.8111749,62,True,2AM,2AM
2026-04-15T03:00:47Z,1002X19504C5,19504,C5,0,35607,35606,2026-04-15T05:16:00,35012,35607,E,40.330883,-3.8823783,10,False,2,1
2026-04-15T03:00:47Z,1002X75500C2,75500,C2,0,17000,18002,2026-04-15T05:32:00,70200,17000,E,40.47097,-3.68245,10,False,12,2
2026-04-15T03:00:47Z,1002X21703C2,21703,C2,0,70103,70111,2026-04-15T05:08:00,10203,70103,E,40.489193,-3.3662832,10,False,5,1
2026-04-15T03:00:47Z,1002X78002C3,78002,C3,0,17000,18002,2026-04-15T05:16:00,60200,17000,E,40.471382,-3.6834786,10,False,2,8
2026-04-15T03:00:47Z,1002X78004C3,78004,C3,0,17000,18002,2026-04-15T05:33:00,60200,17000,E,40.471382,-3.6834786,10,True,2,8
2026-04-15T03:00:47Z,1002X19503C5,19503,C5,0,35012,35002,2026-04-15T05:16:00,35607,35012,E,40.25559,-3.8284667,10,False,1,1
2026-04-15T03:00:47Z,1002X19509C5,19509,C5,0,35012,35002,2026-04-15T05:33:00,35607,35012,E,40.25559,-3.8284667,10,False,1,1
2026-04-15T03:00:47Z,1002X21501C2,21501,C2,0,70200,70105,2026-04-15T05:24:00,17000,70200,E,40.644257,-3.1823237,10,False,1,1
2026-04-15T03:00:47Z,1002X19505C5,19505,C5,0,35012,35002,2026-04-15T05:25:00,35607,35012,E,40.25559,-3.8284667,10,False,1,1
2026-04-15T03:00:47Z,1002X21500C2,21500,C2,0,17000,18002,2026-04-15T05:04:00,70200,17000,E,40.47097,-3.68245,10,False,12,2
2026-04-15T03:00:47Z,1002X19502C5,19502,C5,0,35606,35606,2026-04-15T05:01:00,35012,35607,A,40.32875,-3.8636916,10,False,1,1
2026-04-15T03:00:47Z,1002X75601C2,75601,C2,0,70200,70105,2026-04-15T05:38:00,10203,70200,E,40.644257,-3.1823237,10,False,1,1
2026-04-15T03:00:47Z,1002X20702C5,20702,C5,0,35607,35606,2026-04-15T05:30:00,35002,35607,E,40.330883,-3.8823783,10,False,2,1
2026-04-15T03:00:47Z,1002X20405C4b,20405,C4b,0,18000,18101,2026-04-15T05:27:00,17005,18000,E,40.40654,-3.6895106,10,True,6,1
2026-04-15T03:00:47Z,1002X20403C4b,20403,C4b,0,17000,17001,2026-04-15T05:10:00,17005,17000,E,40.471325,-3.6833096,10,True,5,1
2026-04-15T03:00:47Z,1002X20204C4,20204,C4,0,17000,18002,2026-04-15T05:30:00,37012,17000,E,40.471325,-3.6833096,10,True,2,8
2026-04-15T03:00:47Z,1002X20203C4a,20203,C4a,5,18000,18101,2026-04-15T05:02:00,19003,18000,36.0,40.410492,-3.6951902,10,True,6,1
2026-04-15T03:00:47Z,1002X19799C1,19799,C1,0,18000,18001,2026-04-15T05:18:00,98305,18000,E,40.470993,-3.6825814,10,False,1,1
2026-04-15T03:05:26Z,3002X23501C1,23501,C1,0,51003,51003,2026-04-15T05:20:00,50600,51003,A,37.392567,-5.9749837,30,False,8,8
2026-04-15T03:05:26Z,3002X23500C1,23500,C1,0,51003,51003,2026-04-15T05:08:00,51203,51003,A,37.392567,-5.9749837,30,False,9,9
2026-04-15T03:05:26Z,3202X23303C1,23303,C1,0,54517,54517,2026-04-15T05:20:00,54516,54517,A,36.715366,-4.4266005,32,False,1,1
2026-04-15T03:05:26Z,4002X24101C2,24101,C2,0,64100,64100,2026-04-15T05:10:00,64006,64100,A,38.992313,-0.5246103,40,False,1,1
2026-04-15T03:05:26Z,5102X77600R4,77600,R4,0,72300,72300,2026-04-15T05:05:27,78700,72209,A,41.40998,2.0208638,50,True,2,2
2026-04-15T03:05:26Z,5102X77502R4,77502,R4,1,78802,78802,2026-04-15T05:05:54,71600,78700,A,41.430275,2.1831505,50,False,2,2
2026-04-15T03:05:26Z,5102X25702R1,25702,R1,1,79412,79412,2026-04-15T05:05:40,72305,79500,A,41.50672,2.4016483,50,True,2,2
2026-04-15T03:05:26Z,5102X78280R2,78280,R2,2,71704,71704,2026-04-15T05:06:13,79200,71700,A,41.27745,1.9777229,50,True,2,2
2026-04-15T03:05:26Z,6202X71150C2,71150,C2,0,14223,14223,2026-04-15T05:15:00,05637,14223,A,43.45811,-3.8111749,62,True,2AM,2AM
2026-04-15T03:05:26Z,1002X35020C10,35020,C10,0,17000,18002,2026-04-15T05:39:00,10000,17000,E,40.470848,-3.682503,10,False,8,4
2026-04-15T03:05:26Z,1002X20702C5,20702,C5,0,35607,35606,2026-04-15T05:30:00,35002,35607,E,40.330883,-3.8823783,10,False,2,1
2026-04-15T03:05:26Z,1002X75500C2,75500,C2,0,17000,18002,2026-04-15T05:32:00,70200,17000,E,40.47097,-3.68245,10,False,12,2
2026-04-15T03:05:26Z,1002X78002C3,78002,C3,0,17000,18002,2026-04-15T05:16:00,60200,17000,E,40.471382,-3.6834786,10,False,2,8
2026-04-15T03:05:26Z,1002X78004C3,78004,C3,0,17000,18002,2026-04-15T05:33:00,60200,17000,E,40.471382,-3.6834786,10,True,2,8
2026-04-15T03:05:26Z,1002X19509C5,19509,C5,0,35012,35002,2026-04-15T05:33:00,35607,35012,E,40.25559,-3.8284667,10,False,1,1
2026-04-15T03:05:26Z,1002X19504C5,19504,C5,0,35607,35606,2026-04-15T05:16:00,35012,35607,E,40.330883,-3.8823783,10,False,2,1
2026-04-15T03:05:26Z,1002X19503C5,19503,C5,0,35012,35002,2026-04-15T05:16:00,35607,35012,E,40.25559,-3.8284667,10,False,1,1
2026-04-15T03:05:26Z,1002X19505C5,19505,C5,0,35012,35002,2026-04-15T05:25:00,35607,35012,E,40.25559,-3.8284667,10,False,1,1
2026-04-15T03:05:26Z,1002X19799C1,19799,C1,0,18000,18001,2026-04-15T05:18:00,98305,18000,E,40.470993,-3.6825814,10,False,1,1
2026-04-15T03:05:26Z,1002X21501C2,21501,C2,0,70200,70105,2026-04-15T05:24:00,17000,70200,E,40.644257,-3.1823237,10,False,1,1
2026-04-15T03:05:26Z,1002X21500C2,21500,C2,1,18002,18002,2026-04-15T05:05:00,70200,17000,A,40.44655,-3.691473,10,True,2,2
2026-04-15T03:05:26Z,1002X20203C4a,20203,C4a,8,18101,18002,2026-04-15T05:10:00,19003,18000,8.0,40.419323,-3.701876,10,True,1,6
2026-04-15T03:05:26Z,1002X19502C5,19502,C5,0,35605,35605,2026-04-15T05:06:00,35012,35607,A,40.3503,-3.8317595,10,False,1,1
2026-04-15T03:05:26Z,1002X21100C10,21100,C10,0,10200,10104,2026-04-15T05:36:00,17000,10200,E,40.62599,-4.0081153,10,False,4,2
2026-04-15T03:05:26Z,1002X75601C2,75601,C2,0,70200,70105,2026-04-15T05:38:00,10203,70200,E,40.644257,-3.1823237,10,False,1,1
2026-04-15T03:05:26Z,1002X20405C4b,20405,C4b,0,18000,18101,2026-04-15T05:27:00,17005,18000,E,40.40654,-3.6895106,10,True,6,1
2026-04-15T03:05:26Z,1002X21703C2,21703,C2,0,70103,70111,2026-04-15T05:08:00,10203,70103,E,40.489193,-3.3662832,10,False,5,1
2026-04-15T03:05:26Z,1002X20403C4b,20403,C4b,0,17000,17001,2026-04-15T05:10:00,17005,17000,E,40.471325,-3.6833096,10,True,5,1
2026-04-15T03:05:26Z,1002X20204C4,20204,C4,0,17000,18002,2026-04-15T05:30:00,37012,17000,E,40.471325,-3.6833096,10,True,2,8
2026-04-15T03:10:28Z,3002X23501C1,23501,C1,0,51003,51003,2026-04-15T05:20:00,50600,51003,A,37.392567,-5.9749837,30,False,8,8
2026-04-15T03:10:28Z,3002X23500C1,23500,C1,-1,51100,51100,2026-04-15T05:11:22,51203,51003,A,37.377792,-5.9795485,30,False,2,2
2026-04-15T03:10:28Z,3202X23303C1,23303,C1,0,54517,54517,2026-04-15T05:20:00,54516,54517,A,36.715366,-4.4266005,32,False,1,1
2026-04-15T03:10:28Z,5102X77400R4,77400,R4,1,72202,72202,2026-04-15T05:10:31,78700,71600,A,41.273575,1.6003745,50,False,2,2
2026-04-15T03:10:28Z,5102X77600R4,77600,R4,0,72301,72301,2026-04-15T05:11:26,78700,72209,A,41.38308,2.0479817,50,True,2,2
2026-04-15T03:10:28Z,5102X25702R1,25702,R1,1,79409,79409,2026-04-15T05:10:54,72305,79500,A,41.487606,2.3548977,50,True,2,2
2026-04-15T03:10:28Z,5102X78280R2,78280,R2,3,71705,71706,2026-04-15T05:14:11,79200,71700,E,41.27877,1.9793723,50,True,2,
2026-04-15T03:10:28Z,5102X28557R2N,28557,R2N,0,71801,71801,2026-04-15T05:12:09,72400,79400,A,41.37954,2.1411655,50,True,12,12
2026-04-15T03:10:28Z,6102X35652C1,35652,C1,2,11514,11522,2026-04-15T05:13:46,11400,11516,E,43.31945,-1.9370648,61,False,2,2
2026-04-15T03:10:28Z,6202X71150C2,71150,C2,0,14223,14223,2026-04-15T05:15:00,05637,14223,A,43.45811,-3.8111749,62,True,2AM,2AM
2026-04-15T03:10:28Z,6202X71100C2,71100,C2,0,14223,14223,2026-04-15T05:22:00,05623,14223,A,43.45811,-3.8111749,62,True,8AM,8AM
2026-04-15T03:10:28Z,1002X35020C10,35020,C10,0,17000,18002,2026-04-15T05:39:00,10000,17000,E,40.470848,-3.682503,10,False,8,4
2026-04-15T03:10:28Z,1002X78002C3,78002,C3,0,17000,18002,2026-04-15T05:16:00,60200,17000,E,40.471382,-3.6834786,10,False,2,8
2026-04-15T03:10:28Z,1002X20702C5,20702,C5,0,35607,35606,2026-04-15T05:30:00,35002,35607,E,40.330883,-3.8823783,10,False,2,1
2026-04-15T03:10:28Z,1002X78004C3,78004,C3,0,17000,18002,2026-04-15T05:33:00,60200,17000,E,40.471382,-3.6834786,10,True,2,8
2026-04-15T03:10:28Z,1002X76811C7,76811,C7,0,70200,70105,2026-04-15T05:45:00,10000,70200,E,40.4889,-3.3666708,10,False,1,1
2026-04-15T03:10:28Z,1002X75500C2,75500,C2,0,17000,18002,2026-04-15T05:32:00,70200,17000,E,40.47097,-3.68245,10,False,12,2
2026-04-15T03:10:28Z,1002X19508C5,19508,C5,0,35607,35606,2026-04-15T05:42:00,35012,35607,E,40.330883,-3.8823783,10,False,2,1
2026-04-15T03:10:28Z,1002X19509C5,19509,C5,0,35012,35002,2026-04-15T05:33:00,35607,35012,E,40.25559,-3.8284667,10,False,1,1
2026-04-15T03:10:28Z,1002X19504C5,19504,C5,0,35607,35606,2026-04-15T05:16:00,35012,35607,E,40.330883,-3.8823783,10,False,2,1
2026-04-15T03:10:28Z,1002X19503C5,19503,C5,0,35012,35002,2026-04-15T05:16:00,35607,35012,E,40.25559,-3.8284667,10,False,1,1
2026-04-15T03:10:28Z,1002X19505C5,19505,C5,0,35012,35002,2026-04-15T05:25:00,35607,35012,E,40.25559,-3.8284667,10,False,1,1
2026-04-15T03:10:28Z,1002X19513C5,19513,C5,0,35012,35002,2026-04-15T05:41:00,35607,35012,E,40.25559,-3.8284667,10,False,1,1
2026-04-15T03:10:28Z,1002X19799C1,19799,C1,0,18000,18001,2026-04-15T05:18:00,98305,18000,E,40.470993,-3.6825814,10,False,1,1
2026-04-15T03:10:28Z,1002X21501C2,21501,C2,0,70200,70105,2026-04-15T05:24:00,17000,70200,E,40.644257,-3.1823237,10,False,1,1
2026-04-15T03:10:28Z,1002X20203C4a,20203,C4a,6,18002,17000,2026-04-15T05:15:00,19003,18000,23.0,40.45276,-3.6909432,10,True,6,3
2026-04-15T03:10:28Z,1002X21500C2,21500,C2,2,18001,18001,2026-04-15T05:10:00,70200,17000,A,40.42352,-3.6912522,10,True,2,2
2026-04-15T03:10:28Z,1002X20405C4b,20405,C4b,0,18000,18101,2026-04-15T05:27:00,17005,18000,E,40.40654,-3.6895106,10,True,6,1
2026-04-15T03:10:28Z,1002X20403C4b,20403,C4b,4,17000,17001,2026-04-15T05:14:00,17005,17000,E,40.471325,-3.6833096,10,True,5,1
2026-04-15T03:10:28Z,1002X20205C4a,20205,C4a,2,37011,37002,2026-04-15T05:12:00,19003,37012,E,40.288372,-3.7373493,10,True,1,1
2026-04-15T03:10:28Z,1002X20204C4,20204,C4,0,17000,18002,2026-04-15T05:30:00,37012,17000,E,40.471325,-3.6833096,10,True,2,8
2026-04-15T03:10:28Z,1002X19502C5,19502,C5,0,35604,35603,2026-04-15T05:12:00,35012,35607,47.0,40.367447,-3.8054445,10,False,1,1
2026-04-15T03:10:28Z,1002X21100C10,21100,C10,0,10200,10104,2026-04-15T05:36:00,17000,10200,E,40.62599,-4.0081153,10,False,4,2
2026-04-15T03:10:28Z,1002X75601C2,75601,C2,0,70200,70105,2026-04-15T05:38:00,10203,70200,E,40.644257,-3.1823237,10,False,1,1
2026-04-15T03:10:28Z,1002X21703C2,21703,C2,2,70111,70112,2026-04-15T05:14:00,10203,70103,10.0,40.478733,-3.3977945,10,False,1,1
2026-04-15T03:15:30Z,3002X23501C1,23501,C1,0,51003,51003,2026-04-15T05:20:00,50600,51003,A,37.392567,-5.9749837,30,False,8,8
2026-04-15T03:15:30Z,3202X23303C1,23303,C1,0,54517,54517,2026-04-15T05:20:00,54516,54517,A,36.715366,-4.4266005,32,False,1,1
2026-04-15T03:15:30Z,5102X78282R2,78282,R2,1,71700,71701,2026-04-15T05:21:04,79104,71700,6.0,41.27745,1.9777229,50,True,11,2
2026-04-15T03:15:30Z,5102X25702R1,25702,R1,1,79408,79407,2026-04-15T05:17:21,72305,79500,4.0,41.478878,2.3191814,50,True,2,2
2026-04-15T03:15:30Z,6002X26100C1,26100,C1,0,13305,13305,2026-04-15T05:15:32,13200,13405,A,43.2878,-2.975288,60,False,2,2
2026-04-15T03:15:30Z,6102X35652C1,35652,C1,2,11513,11512,2026-04-15T05:17:50,11400,11516,E,43.320354,-1.9598111,61,False,2,2
2026-04-15T03:15:30Z,6102X35612C1,35612,C1,0,11518,11518,2026-04-15T05:15:55,11305,11600,A,43.330643,-1.8169186,61,False,2,2
2026-04-15T03:15:30Z,6202X71102C2,71102,C2,0,14223,14223,2026-04-15T05:30:00,05623,14223,A,43.45811,-3.8111749,62,True,8AM,8AM
2026-04-15T03:15:30Z,6202X71100C2,71100,C2,0,14223,14223,2026-04-15T05:22:00,05623,14223,A,43.45811,-3.8111749,62,True,8AM,8AM
2026-04-15T03:15:30Z,4102X24701C1,24701,C1,0,60911,62109,2026-04-15T05:54:00,61200,60911,E,38.34553,-0.49576503,41,False,1,1
2026-04-15T03:15:30Z,1002X76811C7,76811,C7,0,70200,70105,2026-04-15T05:45:00,10000,70200,E,40.4889,-3.3666708,10,False,1,1
2026-04-15T03:15:30Z,1002X78004C3,78004,C3,0,17000,18002,2026-04-15T05:33:00,60200,17000,E,40.471382,-3.6834786,10,True,2,8
2026-04-15T03:15:30Z,1002X75500C2,75500,C2,0,17000,18002,2026-04-15T05:32:00,70200,17000,E,40.47097,-3.68245,10,False,12,2
2026-04-15T03:15:30Z,1002X19508C5,19508,C5,0,35607,35606,2026-04-15T05:42:00,35012,35607,E,40.330883,-3.8823783,10,False,2,1
2026-04-15T03:15:30Z,1002X76800C2,76800,C2,0,17000,18002,2026-04-15T05:49:00,70200,17000,E,40.47097,-3.68245,10,False,12,2
2026-04-15T03:15:30Z,1002X19509C5,19509,C5,0,35012,35002,2026-04-15T05:33:00,35607,35012,E,40.25559,-3.8284667,10,False,1,1
2026-04-15T03:15:30Z,1002X20405C4b,20405,C4b,0,18000,18101,2026-04-15T05:27:00,17005,18000,E,40.40654,-3.6895106,10,True,6,1
2026-04-15T03:15:30Z,1002X19504C5,19504,C5,0,35606,35606,2026-04-15T05:16:00,35012,35607,A,40.32875,-3.8636916,10,False,1,1
2026-04-15T03:15:30Z,1002X20403C4b,20403,C4b,9,17000,17001,2026-04-15T05:19:00,17005,17000,E,40.471325,-3.6833096,10,True,5,1
2026-04-15T03:15:30Z,1002X19505C5,19505,C5,0,35012,35002,2026-04-15T05:25:00,35607,35012,E,40.25559,-3.8284667,10,False,1,1
2026-04-15T03:15:30Z,1002X20205C4a,20205,C4a,3,37010,37001,2026-04-15T05:19:00,19003,37012,E,40.323135,-3.7273622,10,True,1,1
2026-04-15T03:15:30Z,1002X20402C4b,20402,C4b,0,17005,17004,2026-04-15T05:48:00,37012,17005,E,40.644844,-3.7762609,10,True,3,3
2026-04-15T03:15:30Z,1002X19513C5,19513,C5,0,35012,35002,2026-04-15T05:41:00,35607,35012,E,40.25559,-3.8284667,10,False,1,1
2026-04-15T03:15:30Z,1002X19799C1,19799,C1,0,18000,18001,2026-04-15T05:18:00,98305,18000,E,40.470993,-3.6825814,10,False,1,1
2026-04-15T03:15:30Z,1002X20204C4,20204,C4,0,17000,18002,2026-04-15T05:30:00,37012,17000,E,40.471325,-3.6833096,10,True,2,8
2026-04-15T03:15:30Z,1002X35020C10,35020,C10,0,17000,18002,2026-04-15T05:39:00,10000,17000,E,40.470848,-3.682503,10,False,8,4
2026-04-15T03:15:30Z,1002X20702C5,20702,C5,0,35607,35606,2026-04-15T05:30:00,35002,35607,E,40.330883,-3.8823783,10,False,2,1
2026-04-15T03:15:30Z,1002X21501C2,21501,C2,0,70200,70105,2026-04-15T05:24:00,17000,70200,E,40.644257,-3.1823237,10,False,1,1
2026-04-15T03:15:30Z,1002X21500C2,21500,C2,2,18000,70002,2026-04-15T05:19:00,70200,17000,E,40.40667,-3.689395,10,True,3,2
2026-04-15T03:15:30Z,1002X20212C4a,20212,C4a,0,19003,19002,2026-04-15T05:44:00,37012,19003,E,40.546417,-3.6351175,10,True,2,2
2026-04-15T03:15:30Z,1002X19502C5,19502,C5,0,35601,35601,2026-04-15T05:16:00,35012,35607,A,40.38357,-3.7686734,10,False,1,1
2026-04-15T03:15:30Z,1002X21100C10,21100,C10,0,10200,10104,2026-04-15T05:36:00,17000,10200,E,40.62599,-4.0081153,10,False,4,2
2026-04-15T03:15:30Z,1002X75601C2,75601,C2,0,70200,70105,2026-04-15T05:38:00,10203,70200,E,40.644257,-3.1823237,10,False,1,1
2026-04-15T03:15:30Z,1002X20203C4a,20203,C4a,6,17000,17001,2026-04-15T05:18:00,19003,18000,35.0,40.481804,-3.6789536,10,True,3,1
2026-04-15T03:15:30Z,1002X21506C2,21506,C2,0,18002,18001,2026-04-15T05:48:00,70200,18002,E,40.44655,-3.691473,10,True,2,2
2026-04-15T03:15:30Z,1002X20207C4a,20207,C4a,0,18000,18101,2026-04-15T05:47:00,19003,18000,E,40.40654,-3.6895106,10,True,6,1
2026-04-15T03:15:30Z,1002X21703C2,21703,C2,3,70112,70102,2026-04-15T05:18:00,10203,70103,14.0,40.46243,-3.4467156,10,True,1,1
2026-04-15T03:15:30Z,1002X75000C8a,75000,C8a,0,10203,10202,2026-04-15T05:48:00,70200,10203,E,40.58532,-4.1321955,10,False,3,2
2026-04-15T03:20:27Z,4002X24000C2,24000,C2,0,64006,64006,2026-04-15T05:30:00,65000,64006,A,38.96917,-0.5866923,40,False,3,3
2026-04-15T03:20:27Z,5102X28400R2N,28400,R2N,5,79004,79004,2026-04-15T05:24:38,72400,79100,A,41.43613,2.1936417,50,True,2,2
2026-04-15T03:20:27Z,5102X25602R1,25602,R1,0,79500,79500,2026-04-15T05:22:13,72305,79603,A,41.53325,2.4456325,50,True,2,2
2026-04-15T03:20:27Z,5102X78280R2,78280,R2,5,71707,71707,2026-04-15T05:23:23,79200,71700,A,41.330997,2.0893226,50,True,4,4
2026-04-15T03:20:27Z,5102X78282R2,78282,R2,6,71701,71701,2026-04-15T05:25:58,79104,71700,A,41.27745,1.9777229,50,True,2,2
2026-04-15T03:20:27Z,6002X26500C3,26500,C3,-1,13110,13110,2026-04-15T05:23:19,13100,13200,A,43.17912,-2.9028738,60,False,2,2
2026-04-15T03:20:27Z,6002X26501C3,26501,C3,1,13104,13104,2026-04-15T05:20:07,13200,13100,A,43.132793,-2.9697878,60,False,1,1
2026-04-15T03:20:27Z,6102X35655C1,35655,C1,2,11406,11407,2026-04-15T05:23:33,11600,11400,E,43.068367,-2.1625364,61,False,1,1
2026-04-15T03:20:27Z,6202X71100C2,71100,C2,0,14223,14223,2026-04-15T05:22:00,05623,14223,A,43.45811,-3.8111749,62,True,8AM,8AM
2026-04-15T03:20:27Z,6202X71102C2,71102,C2,0,14223,14223,2026-04-15T05:30:00,05623,14223,A,43.45811,-3.8111749,62,True,8AM,8AM
2026-04-15T03:20:27Z,4102X24701C1,24701,C1,0,60911,62109,2026-04-15T05:54:00,61200,60911,E,38.34553,-0.49576503,41,False,1,1
2026-04-15T03:20:27Z,1002X76811C7,76811,C7,0,70200,70105,2026-04-15T05:45:00,10000,70200,E,40.4889,-3.3666708,10,False,1,1
2026-04-15T03:20:27Z,1002X19515C5,19515,C5,0,35012,35002,2026-04-15T05:53:00,35607,35012,E,40.25559,-3.8284667,10,False,1,1
2026-04-15T03:20:27Z,1002X75500C2,75500,C2,0,17000,18002,2026-04-15T05:32:00,70200,17000,E,40.47097,-3.68245,10,False,12,2
2026-04-15T03:20:27Z,1002X78002C3,78002,C3,4,18002,18002,2026-04-15T05:20:00,60200,17000,A,40.4466,-3.6920877,10,False,8,8
2026-04-15T03:20:27Z,1002X76800C2,76800,C2,0,17000,18002,2026-04-15T05:49:00,70200,17000,E,40.47097,-3.68245,10,False,12,2
2026-04-15T03:20:27Z,1002X19800C1,19800,C1,0,17000,98003,2026-04-15T05:54:00,98305,17000,E,40.47102,-3.6825693,10,False,12,2
2026-04-15T03:20:27Z,1002X78004C3,78004,C3,0,17000,18002,2026-04-15T05:33:00,60200,17000,E,40.471382,-3.6834786,10,True,2,8
2026-04-15T03:20:27Z,1002X19508C5,19508,C5,0,35607,35606,2026-04-15T05:42:00,35012,35607,E,40.330883,-3.8823783,10,False,2,1
2026-04-15T03:20:27Z,1002X19509C5,19509,C5,0,35012,35002,2026-04-15T05:33:00,35607,35012,E,40.25559,-3.8284667,10,False,1,1
2026-04-15T03:20:27Z,1002X19504C5,19504,C5,0,35605,35605,2026-04-15T05:21:00,35012,35607,A,40.3503,-3.8317595,10,False,1,1
2026-04-15T03:20:27Z,1002X19503C5,19503,C5,0,35012,35002,2026-04-15T05:16:00,35607,35012,E,40.25559,-3.8284667,10,False,1,1
2026-04-15T03:20:27Z,1002X19505C5,19505,C5,0,35012,35002,2026-04-15T05:25:00,35607,35012,E,40.25559,-3.8284667,10,False,1,1
2026-04-15T03:20:27Z,1002X20203C4a,20203,C4a,7,17001,17009,2026-04-15T05:25:00,19003,18000,8.0,40.50544,-3.6831875,10,True,1,1
2026-04-15T03:20:27Z,1002X19799C1,19799,C1,4,18000,18001,2026-04-15T05:22:00,98305,18000,E,40.470993,-3.6825814,10,False,1,1
2026-04-15T03:20:27Z,1002X19513C5,19513,C5,0,35012,35002,2026-04-15T05:41:00,35607,35012,E,40.25559,-3.8284667,10,False,1,1
2026-04-15T03:20:27Z,1002X20703C5,20703,C5,0,35002,35010,2026-04-15T05:48:00,35607,35002,E,40.283237,-3.7991464,10,False,1,1
2026-04-15T03:20:27Z,1002X20208C4,20208,C4,0,17000,18002,2026-04-15T05:52:00,37012,17000,E,40.471325,-3.6833096,10,True,2,8
2026-04-15T03:20:27Z,1002X35020C10,35020,C10,0,17000,18002,2026-04-15T05:39:00,10000,17000,E,40.470848,-3.682503,10,False,8,4
2026-04-15T03:20:27Z,1002X20702C5,20702,C5,0,35607,35606,2026-04-15T05:30:00,35002,35607,E,40.330883,-3.8823783,10,False,2,1
2026-04-15T03:20:27Z,1002X20207C4a,20207,C4a,0,18000,18101,2026-04-15T05:47:00,19003,18000,E,40.40654,-3.6895106,10,True,6,1
2026-04-15T03:20:27Z,1002X20405C4b,20405,C4b,0,18000,18101,2026-04-15T05:27:00,17005,18000,E,40.40654,-3.6895106,10,True,6,1
2026-04-15T03:20:27Z,1002X21500C2,21500,C2,1,70002,70003,2026-04-15T05:21:00,70200,17000,E,40.381775,-3.6681283,10,True,2,2
2026-04-15T03:20:27Z,1002X20403C4b,20403,C4b,9,17001,17001,2026-04-15T05:19:00,17005,17000,A,40.501648,-3.6821797,10,True,1,1
2026-04-15T03:20:27Z,1002X20212C4a,20212,C4a,0,19003,19002,2026-04-15T05:44:00,37012,19003,E,40.546417,-3.6351175,10,True,2,2
2026-04-15T03:20:27Z,1002X19502C5,19502,C5,0,35608,35608,2026-04-15T05:20:00,35012,35607,A,40.3989,-3.7442265,10,False,1,1
2026-04-15T03:20:27Z,1002X21100C10,21100,C10,0,10200,10104,2026-04-15T05:36:00,17000,10200,E,40.62599,-4.0081153,10,False,4,2
2026-04-15T03:20:27Z,1002X75601C2,75601,C2,0,70200,70105,2026-04-15T05:38:00,10203,70200,E,40.644257,-3.1823237,10,False,1,1
2026-04-15T03:20:27Z,1002X21506C2,21506,C2,0,18002,18001,2026-04-15T05:48:00,70200,18002,E,40.44655,-3.691473,10,True,2,2
2026-04-15T03:20:27Z,1002X20205C4a,20205,C4a,4,37001,60100,2026-04-15T05:24:00,19003,37012,10.0,40.341133,-3.7090409,10,True,1,2
2026-04-15T03:20:27Z,1002X20402C4b,20402,C4b,0,17005,17004,2026-04-15T05:48:00,37012,17005,E,40.644844,-3.7762609,10,True,3,3
2026-04-15T03:20:27Z,1002X20204C4,20204,C4,0,17000,18002,2026-04-15T05:30:00,37012,17000,E,40.471325,-3.6833096,10,True,2,8
2026-04-15T03:20:27Z,1002X21703C2,21703,C2,3,70102,70101,2026-04-15T05:23:00,10203,70103,48.0,40.448963,-3.505761,10,True,1,1
2026-04-15T03:20:27Z,1002X75000C8a,75000,C8a,0,10203,10202,2026-04-15T05:48:00,70200,10203,E,40.58532,-4.1321955,10,False,3,2
2026-04-15T03:25:26Z,3202X23303C1,23303,C1,0,54501,54503,2026-04-15T05:28:54,54516,54517,E,36.70121,-4.454409,32,False,1,1
2026-04-15T03:25:26Z,4002X24000C2,24000,C2,0,64006,64006,2026-04-15T05:30:00,65000,64006,A,38.96917,-0.5866923,40,False,3,3
2026-04-15T03:25:26Z,5102X28400R2N,28400,R2N,5,79004,79009,2026-04-15T05:29:51,72400,79100,E,41.43613,2.1936417,50,True,2,1
2026-04-15T03:25:26Z,5102X77400R4,77400,R4,3,72204,72204,2026-04-15T05:24:38,78700,71600,A,41.344524,1.7035463,50,False,2,2
2026-04-15T03:25:26Z,5102X25602R1,25602,R1,0,79412,79412,2026-04-15T05:27:03,72305,79603,A,41.50672,2.4016483,50,True,2,2
2026-04-15T03:25:26Z,5102X25604R1,25604,R1,-1,79602,79602,2026-04-15T05:27:27,72305,79603,A,41.601646,2.6246321,50,True,1,1
2026-04-15T03:25:26Z,5102X78280R2,78280,R2,3,71708,71708,2026-04-15T05:26:24,79200,71700,A,41.354904,2.115462,50,True,2,2
2026-04-15T03:25:26Z,5102X25702R1,25702,R1,1,79404,79403,2026-04-15T05:28:02,72305,79500,13.0,41.443188,2.2464037,50,True,2,2
2026-04-15T03:25:26Z,5102X77502R4,77502,R4,-2,72305,72305,2026-04-15T05:27:11,71600,78700,A,41.36431,2.1008937,50,False,4,4
2026-04-15T03:25:26Z,5102X15620RL4,15620,RL4,1,78402,78403,2026-04-15T05:32:08,78600,78400,4.0,41.63167,0.78615946,50,False,2,1
2026-04-15T03:25:26Z,6002X26502C3,26502,C3,0,13119,13114,2026-04-15T05:26:23,13100,13200,E,43.240112,-2.924082,60,False,2,2
2026-04-15T03:25:26Z,6002X26000C2,26000,C2,2,13503,13502,2026-04-15T05:27:19,13200,13506,E,43.301556,-3.0287716,60,False,1,1
2026-04-15T03:25:26Z,6102X35655C1,35655,C1,2,11408,11409,2026-04-15T05:27:39,11600,11400,E,43.093952,-2.1255136,61,False,1,1
2026-04-15T03:25:26Z,6202X71102C2,71102,C2,0,14223,14223,2026-04-15T05:30:00,05623,14223,A,43.45811,-3.8111749,62,True,8AM,8AM
2026-04-15T03:25:26Z,4102X24701C1,24701,C1,0,60911,62109,2026-04-15T05:54:00,61200,60911,E,38.34553,-0.49576503,41,False,1,1
2026-04-15T03:25:26Z,1002X20703C5,20703,C5,0,35002,35010,2026-04-15T05:48:00,35607,35002,E,40.283237,-3.7991464,10,False,1,1
2026-04-15T03:25:26Z,1002X35020C10,35020,C10,0,17000,18002,2026-04-15T05:39:00,10000,17000,E,40.470848,-3.682503,10,False,8,4
2026-04-15T03:25:26Z,1002X20702C5,20702,C5,0,35607,35606,2026-04-15T05:30:00,35002,35607,E,40.330883,-3.8823783,10,False,2,1
2026-04-15T03:25:26Z,1002X76811C7,76811,C7,0,70200,70105,2026-04-15T05:45:00,10000,70200,E,40.4889,-3.3666708,10,False,1,1
2026-04-15T03:25:26Z,1002X19515C5,19515,C5,0,35012,35002,2026-04-15T05:53:00,35607,35012,E,40.25559,-3.8284667,10,False,1,1
2026-04-15T03:25:26Z,1002X19521C5,19521,C5,0,35012,35002,2026-04-15T05:59:00,35607,35012,E,40.25559,-3.8284667,10,False,1,1
2026-04-15T03:25:26Z,1002X75500C2,75500,C2,0,17000,18002,2026-04-15T05:32:00,70200,17000,E,40.47097,-3.68245,10,False,12,2
2026-04-15T03:25:26Z,1002X76800C2,76800,C2,0,17000,18002,2026-04-15T05:49:00,70200,17000,E,40.47097,-3.68245,10,False,12,2
2026-04-15T03:25:26Z,1002X19800C1,19800,C1,0,17000,98003,2026-04-15T05:54:00,98305,17000,E,40.47102,-3.6825693,10,False,12,2
2026-04-15T03:25:26Z,1002X20207C4a,20207,C4a,0,18000,18101,2026-04-15T05:47:00,19003,18000,E,40.40654,-3.6895106,10,True,6,1
2026-04-15T03:25:26Z,1002X78002C3,78002,C3,8,18002,18101,2026-04-15T05:28:00,60200,17000,35.0,40.43512,-3.6931343,10,False,8,2
2026-04-15T03:25:26Z,1002X78004C3,78004,C3,0,17000,18002,2026-04-15T05:33:00,60200,17000,E,40.471382,-3.6834786,10,True,2,8
2026-04-15T03:25:26Z,1002X20405C4b,20405,C4b,0,18000,18101,2026-04-15T05:27:00,17005,18000,21.0,40.409252,-3.692557,10,True,6,1
2026-04-15T03:25:26Z,1002X78003C3,78003,C3,4,60105,60104,2026-04-15T05:30:00,17000,60200,8.0,40.164192,-3.6123214,10,False,1,1
2026-04-15T03:25:26Z,1002X19508C5,19508,C5,0,35607,35606,2026-04-15T05:42:00,35012,35607,E,40.330883,-3.8823783,10,False,2,1
2026-04-15T03:25:26Z,1002X19509C5,19509,C5,0,35012,35002,2026-04-15T05:33:00,35607,35012,E,40.25559,-3.8284667,10,False,1,1
2026-04-15T03:25:26Z,1002X20403C4b,20403,C4b,12,17001,17009,2026-04-15T05:27:00,17005,17000,68.0,40.52997,-3.6953468,10,True,1,1
2026-04-15T03:25:26Z,1002X20402C4b,20402,C4b,0,17005,17004,2026-04-15T05:48:00,37012,17005,E,40.644844,-3.7762609,10,True,3,3
2026-04-15T03:25:26Z,1002X20204C4,20204,C4,0,17000,18002,2026-04-15T05:30:00,37012,17000,E,40.471325,-3.6833096,10,True,2,8
2026-04-15T03:25:26Z,1002X20203C4a,20203,C4a,4,19001,19001,2026-04-15T05:25:00,19003,18000,A,40.55402,-3.6837044,10,True,1,1
2026-04-15T03:25:26Z,1002X20208C4,20208,C4,0,17000,18002,2026-04-15T05:52:00,37012,17000,E,40.471325,-3.6833096,10,True,2,8
2026-04-15T03:25:26Z,1002X21501C2,21501,C2,1,70105,70104,2026-04-15T05:29:00,17000,70200,E,40.56094,-3.2652874,10,False,1,1
2026-04-15T03:25:26Z,1002X20212C4a,20212,C4a,0,19003,19002,2026-04-15T05:44:00,37012,19003,E,40.546417,-3.6351175,10,True,2,2
2026-04-15T03:25:26Z,1002X19504C5,19504,C5,0,35604,35603,2026-04-15T05:27:00,35012,35607,47.0,40.367447,-3.8054445,10,False,1,1
2026-04-15T03:25:26Z,1002X19502C5,19502,C5,0,35609,18000,2026-04-15T05:29:00,35012,35607,E,40.405067,-3.7026901,10,False,1,10
2026-04-15T03:25:26Z,1002X19503C5,19503,C5,0,35002,35010,2026-04-15T05:17:00,35607,35012,E,40.283237,-3.7991464,10,False,1,1
2026-04-15T03:25:26Z,1002X21100C10,21100,C10,0,10200,10104,2026-04-15T05:36:00,17000,10200,E,40.62599,-4.0081153,10,False,4,2
2026-04-15T03:25:26Z,1002X19505C5,19505,C5,0,35012,35002,2026-04-15T05:25:00,35607,35012,E,40.25559,-3.8284667,10,False,1,1
2026-04-15T03:25:26Z,1002X75601C2,75601,C2,0,70200,70105,2026-04-15T05:38:00,10203,70200,E,40.644257,-3.1823237,10,False,1,1
2026-04-15T03:25:26Z,1002X21506C2,21506,C2,0,18002,18001,2026-04-15T05:48:00,70200,18002,E,40.44655,-3.691473,10,True,2,2
2026-04-15T03:25:26Z,1002X19510C5,19510,C5,0,35607,35606,2026-04-15T05:53:00,35012,35607,E,40.330883,-3.8823783,10,False,2,1
2026-04-15T03:25:26Z,1002X21703C2,21703,C2,0,70108,70100,2026-04-15T05:28:00,10203,70103,E,40.423397,-3.561349,10,True,1,1
2026-04-15T03:25:26Z,1002X19513C5,19513,C5,0,35012,35002,2026-04-15T05:41:00,35607,35012,E,40.25559,-3.8284667,10,False,1,1
2026-04-15T03:25:26Z,1002X75000C8a,75000,C8a,0,10203,10202,2026-04-15T05:48:00,70200,10203,E,40.58532,-4.1321955,10,False,3,2
2026-04-15T03:25:26Z,1002X19799C1,19799,C1,7,18001,18002,2026-04-15T05:29:00,98305,18000,10.0,40.470993,-3.6825814,10,False,1,3
2026-04-15T03:30:38Z,3202X23151C2,23151,C2,0,54517,54517,2026-04-15T05:44:00,54405,54517,A,36.715366,-4.4266005,32,False,,
2026-04-15T03:30:38Z,5102X28400R2N,28400,R2N,5,79009,71802,2026-04-15T05:35:42,72400,79100,E,41.409042,2.1873875,50,True,1,
2026-04-15T03:30:38Z,5102X78280R2,78280,R2,3,71801,71801,2026-04-15T05:32:13,79200,71700,A,41.37951,2.1412168,50,True,13,13
2026-04-15T03:30:38Z,5102X77400R4,77400,R4,3,72205,72206,2026-04-15T05:35:18,78700,71600,2.0,41.37145,1.72605,50,False,2,2
2026-04-15T03:30:38Z,6102X35652C1,35652,C1,-2,11508,11508,2026-04-15T05:30:37,11400,11516,A,43.27241,-1.9637448,61,False,2,2
2026-04-15T03:30:38Z,6202X71152C2,71152,C2,0,14223,14223,2026-04-15T05:45:00,05637,14223,A,43.45811,-3.8111749,62,True,1AM,1AM
2026-04-15T03:30:38Z,4102X24701C1,24701,C1,0,60911,62109,2026-04-15T05:54:00,61200,60911,E,38.34553,-0.49576503,41,False,1,1
2026-04-15T03:30:38Z,1002X20702C5,20702,C5,0,35606,35606,2026-04-15T05:30:00,35002,35607,A,40.32875,-3.8636916,10,False,1,1
2026-04-15T03:30:38Z,1002X76811C7,76811,C7,0,70200,70105,2026-04-15T05:45:00,10000,70200,E,40.4889,-3.3666708,10,False,1,1
2026-04-15T03:30:38Z,1002X19515C5,19515,C5,0,35012,35002,2026-04-15T05:53:00,35607,35012,E,40.25559,-3.8284667,10,False,1,1
2026-04-15T03:30:38Z,1002X19521C5,19521,C5,0,35012,35002,2026-04-15T05:59:00,35607,35012,E,40.25559,-3.8284667,10,False,1,1
2026-04-15T03:30:38Z,1002X21001C8a,21001,C8a,0,17000,97201,2026-04-15T06:03:00,10203,17000,E,40.47113,-3.6828332,10,True,11,1
2026-04-15T03:30:38Z,1002X75500C2,75500,C2,0,18002,18002,2026-04-15T05:32:00,70200,17000,A,40.44655,-3.691473,10,False,2,2
2026-04-15T03:30:38Z,1002X76800C2,76800,C2,0,17000,18002,2026-04-15T05:49:00,70200,17000,E,40.47097,-3.68245,10,False,12,2
2026-04-15T03:30:38Z,1002X19800C1,19800,C1,0,17000,98003,2026-04-15T05:54:00,98305,17000,E,40.47102,-3.6825693,10,False,12,2
2026-04-15T03:30:38Z,1002X19803C1,19803,C1,0,98305,98304,2026-04-15T05:59:00,17000,98305,E,40.4924,-3.593483,10,False,2,1
2026-04-15T03:30:38Z,1002X78003C3,78003,C3,4,60104,60103,2026-04-15T05:35:00,17000,60200,8.0,40.200302,-3.667642,10,False,1,1
2026-04-15T03:30:38Z,1002X78006C3,78006,C3,0,17000,18002,2026-04-15T06:01:00,60200,17000,E,40.471382,-3.6834786,10,True,2,8
2026-04-15T03:30:38Z,1002X19508C5,19508,C5,0,35607,35606,2026-04-15T05:42:00,35012,35607,E,40.330883,-3.8823783,10,False,2,1
2026-04-15T03:30:38Z,1002X20203C4a,20203,C4a,6,19002,19003,2026-04-15T05:33:00,19003,18000,14.0,40.54668,-3.6516662,10,True,1,2
2026-04-15T03:30:38Z,1002X20202C4,20202,C4,0,60100,60100,2026-04-15T05:30:00,37012,18000,A,40.352676,-3.684073,10,True,1,1
2026-04-15T03:30:38Z,1002X20409C4b,20409,C4b,0,18000,18101,2026-04-15T05:59:00,17005,18000,E,40.40654,-3.6895106,10,False,6,1
2026-04-15T03:30:38Z,1002X19504C5,19504,C5,0,35602,35601,2026-04-15T05:31:00,35012,35607,71.0,40.382904,-3.7720196,10,False,1,1
2026-04-15T03:30:38Z,1002X19503C5,19503,C5,0,35001,35001,2026-04-15T05:22:00,35607,35012,A,40.328766,-3.7714624,10,False,1,1
2026-04-15T03:30:38Z,1002X20208C4,20208,C4,0,17000,18002,2026-04-15T05:52:00,37012,17000,E,40.471325,-3.6833096,10,True,2,8
2026-04-15T03:30:38Z,1002X19505C5,19505,C5,0,35002,35002,2026-04-15T05:25:00,35607,35012,A,40.283237,-3.7991464,10,False,1,1
2026-04-15T03:30:38Z,1002X19510C5,19510,C5,0,35607,35606,2026-04-15T05:53:00,35012,35607,E,40.330883,-3.8823783,10,False,2,1
2026-04-15T03:30:38Z,1002X20207C4a,20207,C4a,0,18000,18101,2026-04-15T05:47:00,19003,18000,E,40.40654,-3.6895106,10,True,6,1
2026-04-15T03:30:38Z,1002X19513C5,19513,C5,0,35012,35002,2026-04-15T05:41:00,35607,35012,E,40.25559,-3.8284667,10,False,1,1
2026-04-15T03:30:38Z,1002X20405C4b,20405,C4b,0,18002,18002,2026-04-15T05:32:00,17005,18000,A,40.4466,-3.6920877,10,True,6,6
2026-04-15T03:30:38Z,1002X20403C4b,20403,C4b,11,17003,17004,2026-04-15T05:33:00,17005,17000,E,40.558834,-3.7141593,10,False,1,2
2026-04-15T03:30:38Z,1002X20600C8b,20600,C8b,0,12006,12005,2026-04-15T06:04:00,70200,12006,E,40.737614,-4.0662985,10,False,2,1
2026-04-15T03:30:38Z,1002X20402C4b,20402,C4b,0,17005,17004,2026-04-15T05:48:00,37012,17005,E,40.644844,-3.7762609,10,True,3,3
2026-04-15T03:30:38Z,1002X20204C4,20204,C4,0,18002,18002,2026-04-15T05:30:00,37012,17000,A,40.4466,-3.6920877,10,True,8,8
2026-04-15T03:30:38Z,1002X19799C1,19799,C1,7,18002,17000,2026-04-15T05:37:00,98305,18000,6.0,40.470993,-3.6825807,10,False,3,12
2026-04-15T03:30:38Z,1002X19512C5,19512,C5,0,35607,35606,2026-04-15T06:01:00,35012,35607,E,40.330883,-3.8823783,10,False,2,1
2026-04-15T03:30:38Z,1002X76170C10,76170,C10,0,10203,10202,2026-04-15T06:03:00,17000,10203,E,40.626007,-4.008192,10,False,2,2
2026-04-15T03:30:38Z,1002X20703C5,20703,C5,0,35002,35010,2026-04-15T05:48:00,35607,35002,E,40.283237,-3.7991464,10,False,1,1
2026-04-15T03:30:38Z,1002X35020C10,35020,C10,0,17000,18002,2026-04-15T05:39:00,10000,17000,E,40.470848,-3.682503,10,False,8,4
2026-04-15T03:30:38Z,1002X21501C2,21501,C2,2,70104,70107,2026-04-15T05:34:00,17000,70200,10.0,40.53163,-3.3022523,10,False,1,1
2026-04-15T03:30:38Z,1002X21500C2,21500,C2,1,70100,70108,2026-04-15T05:32:00,70200,17000,E,40.401035,-3.5957623,10,False,2,2
2026-04-15T03:30:38Z,1002X20212C4a,20212,C4a,0,19003,19002,2026-04-15T05:44:00,37012,19003,E,40.546417,-3.6351175,10,True,2,2
2026-04-15T03:30:38Z,1002X19502C5,19502,C5,0,18000,18003,2026-04-15T05:31:00,35012,35607,71.0,40.39909,-3.68086,10,False,10,2
2026-04-15T03:30:38Z,1002X20211C4a,20211,C4a,0,37002,37010,2026-04-15T06:01:00,19003,37002,E,40.309868,-3.733689,10,True,1,1
2026-04-15T03:30:38Z,1002X75603C2,75603,C2,0,70200,70105,2026-04-15T06:04:00,12006,70200,E,40.644257,-3.1823237,10,False,1,1
2026-04-15T03:30:38Z,1002X21100C10,21100,C10,0,10200,10104,2026-04-15T05:36:00,17000,10200,E,40.62599,-4.0081153,10,False,4,2
2026-04-15T03:30:38Z,1002X75601C2,75601,C2,0,70200,70105,2026-04-15T05:38:00,10203,70200,E,40.644257,-3.1823237,10,False,1,1
2026-04-15T03:30:38Z,1002X21508C2,21508,C2,0,17000,18002,2026-04-15T06:00:00,70103,17000,E,40.47097,-3.68245,10,False,12,2
2026-04-15T03:30:38Z,1002X21506C2,21506,C2,0,18002,18001,2026-04-15T05:48:00,70200,18002,E,40.44655,-3.691473,10,True,2,2
2026-04-15T03:30:38Z,1002X21703C2,21703,C2,0,70109,70109,2026-04-15T05:31:00,10203,70103,A,40.38707,-3.6090817,10,False,1,1
2026-04-15T03:30:38Z,1002X75000C8a,75000,C8a,0,10203,10202,2026-04-15T05:48:00,70200,10203,E,40.58532,-4.1321955,10,False,3,2
2026-04-15T03:35:24Z,3202X23151C2,23151,C2,0,54517,54517,2026-04-15T05:44:00,54405,54517,A,36.715366,-4.4266005,32,False,,
2026-04-15T03:35:24Z,4002X24000C2,24000,C2,1,64100,64100,2026-04-15T05:36:58,65000,64006,A,38.992313,-0.5246103,40,False,2,2
2026-04-15T03:35:24Z,5102X77400R4,77400,R4,2,72207,72207,2026-04-15T05:37:43,78700,71600,A,41.41933,1.7952268,50,False,,
2026-04-15T03:35:24Z,5102X77602R4,77602,R4,0,72300,72300,2026-04-15T05:35:00,78700,72209,A,41.40998,2.0208638,50,False,2,2
2026-04-15T03:35:24Z,5102X77200R2S,15046,R2S,6,71700,71700,2026-04-15T05:39:56,79400,71600,A,41.219913,1.7308453,50,False,3,3
2026-04-15T03:35:24Z,5102X77504R4,77504,R4,1,78802,78802,2026-04-15T05:36:19,71600,78700,A,41.430275,2.1831505,50,False,2,2
2026-04-15T03:35:24Z,6002X26002C2,26002,C2,1,13505,13505,2026-04-15T05:35:33,13200,13506,A,43.315636,-3.0911126,60,False,1,1
2026-04-15T03:35:24Z,6102X35652C1,35652,C1,1,11508,11507,2026-04-15T05:38:27,11400,11516,E,43.27241,-1.9637448,61,False,2,2
2026-04-15T03:35:24Z,6102X35612C1,35612,C1,0,11514,11522,2026-04-15T05:38:20,11305,11600,E,43.31945,-1.9370648,61,False,2,2
2026-04-15T03:35:24Z,6202X71152C2,71152,C2,0,14223,14223,2026-04-15T05:45:00,05637,14223,A,43.45811,-3.8111749,62,True,1AM,1AM
2026-04-15T03:35:24Z,6202X71351C3,71351,C3,0,14223,14223,2026-04-15T05:50:00,05671,14223,A,43.45811,-3.8111749,62,True,9AM,9AM
2026-04-15T03:35:24Z,4102X24701C1,24701,C1,0,60911,62109,2026-04-15T05:54:00,61200,60911,E,38.34553,-0.49576503,41,False,1,1
2026-04-15T03:35:24Z,4102X84900C2,84900,C2,0,06006,06005,2026-04-15T06:14:00,61200,06006,E,37.672035,-1.6961039,41,False,1,1
2026-04-15T03:35:24Z,1002X76811C7,76811,C7,0,70200,70105,2026-04-15T05:45:00,10000,70200,E,40.4889,-3.3666708,10,False,1,1
2026-04-15T03:35:24Z,1002X19515C5,19515,C5,0,35012,35002,2026-04-15T05:53:00,35607,35012,E,40.25559,-3.8284667,10,False,1,1
2026-04-15T03:35:24Z,1002X19521C5,19521,C5,0,35012,35002,2026-04-15T05:59:00,35607,35012,E,40.25559,-3.8284667,10,False,1,1
2026-04-15T03:35:24Z,1002X21001C8a,21001,C8a,0,17000,97201,2026-04-15T06:03:00,10203,17000,E,40.47113,-3.6828332,10,True,11,1
2026-04-15T03:35:24Z,1002X75502C2,75502,C2,0,17000,18002,2026-04-15T06:05:00,70200,17000,E,40.47097,-3.68245,10,False,12,2
2026-04-15T03:35:24Z,1002X75500C2,75500,C2,1,18002,18001,2026-04-15T05:37:00,70200,17000,52.0,40.434734,-3.6887083,10,False,2,2
2026-04-15T03:35:24Z,1002X76800C2,76800,C2,0,17000,18002,2026-04-15T05:49:00,70200,17000,E,40.47097,-3.68245,10,False,12,2
2026-04-15T03:35:24Z,1002X19800C1,19800,C1,0,17000,98003,2026-04-15T05:54:00,98305,17000,E,40.47102,-3.6825693,10,False,12,2
2026-04-15T03:35:24Z,1002X19803C1,19803,C1,0,98305,98304,2026-04-15T05:59:00,17000,98305,E,40.4924,-3.593483,10,False,2,1
2026-04-15T03:35:24Z,1002X19527C5,19527,C5,0,35012,35002,2026-04-15T06:05:00,35607,35012,E,40.25559,-3.8284667,10,False,1,1
2026-04-15T03:35:24Z,1002X78004C3,78004,C3,2,18002,18101,2026-04-15T05:39:00,60200,17000,2.0,40.445946,-3.6921484,10,True,8,2
2026-04-15T03:35:24Z,1002X78003C3,78003,C3,3,60103,60102,2026-04-15T05:39:00,17000,60200,E,40.242844,-3.7038615,10,True,1,1
2026-04-15T03:35:24Z,1002X20202C4,20202,C4,1,37001,37010,2026-04-15T05:38:00,37012,18000,E,40.34132,-3.7123663,10,True,2,2
2026-04-15T03:35:24Z,1002X78006C3,78006,C3,0,17000,18002,2026-04-15T06:01:00,60200,17000,E,40.471382,-3.6834786,10,True,2,8
2026-04-15T03:35:24Z,1002X20405C4b,20405,C4b,0,17000,17000,2026-04-15T05:39:00,17005,18000,A,40.471325,-3.6833096,10,True,5,5
2026-04-15T03:35:24Z,1002X20206C4,20206,C4,0,37001,37010,2026-04-15T06:08:00,37012,37001,E,40.34132,-3.7123663,10,True,2,2
2026-04-15T03:35:24Z,1002X19509C5,19509,C5,0,35012,35002,2026-04-15T05:33:00,35607,35012,E,40.25559,-3.8284667,10,False,1,1
2026-04-15T03:35:24Z,1002X19504C5,19504,C5,0,35608,35609,2026-04-15T05:40:00,35012,35607,E,40.3989,-3.7442265,10,False,1,1
2026-04-15T03:35:24Z,1002X19503C5,19503,C5,0,35009,37001,2026-04-15T05:28:00,35607,35012,E,40.34086,-3.7482634,10,False,1,4
2026-04-15T03:35:24Z,1002X19505C5,19505,C5,0,35011,35011,2026-04-15T05:28:00,35607,35012,A,40.312492,-3.78335,10,False,1,1
2026-04-15T03:35:24Z,1002X20403C4b,20403,C4b,12,17004,17005,2026-04-15T05:43:00,17005,17000,12.0,40.61069,-3.7206216,10,False,2,3
2026-04-15T03:35:24Z,1002X19510C5,19510,C5,0,35607,35606,2026-04-15T05:53:00,35012,35607,E,40.330883,-3.8823783,10,False,2,1
2026-04-15T03:35:24Z,1002X19513C5,19513,C5,0,35012,35002,2026-04-15T05:41:00,35607,35012,E,40.25559,-3.8284667,10,False,1,1
2026-04-15T03:35:24Z,1002X19512C5,19512,C5,0,35607,35606,2026-04-15T06:01:00,35012,35607,E,40.330883,-3.8823783,10,False,2,1
2026-04-15T03:35:24Z,1002X20704C5,20704,C5,0,35607,35606,2026-04-15T06:07:00,35002,35607,E,40.330883,-3.8823783,10,False,2,1
2026-04-15T03:35:24Z,1002X76170C10,76170,C10,0,10203,10202,2026-04-15T06:03:00,17000,10203,E,40.626007,-4.008192,10,False,2,2
2026-04-15T03:35:24Z,1002X20703C5,20703,C5,0,35002,35010,2026-04-15T05:48:00,35607,35002,E,40.283237,-3.7991464,10,False,1,1
2026-04-15T03:35:24Z,1002X20205C4a,20205,C4a,5,18000,18101,2026-04-15T05:36:00,19003,37012,54.0,40.412014,-3.698339,10,True,6,1
2026-04-15T03:35:24Z,1002X35020C10,35020,C10,0,17000,18002,2026-04-15T05:39:00,10000,17000,E,40.470848,-3.682503,10,False,8,4
2026-04-15T03:35:24Z,1002X20702C5,20702,C5,0,35605,35605,2026-04-15T05:35:00,35002,35607,A,40.3503,-3.8317595,10,False,1,1
2026-04-15T03:35:24Z,1002X20600C8b,20600,C8b,0,12006,12005,2026-04-15T06:04:00,70200,12006,E,40.737614,-4.0662985,10,False,2,1
2026-04-15T03:35:24Z,1002X20402C4b,20402,C4b,0,17005,17004,2026-04-15T05:48:00,37012,17005,E,40.644844,-3.7762609,10,True,3,3
2026-04-15T03:35:24Z,1002X20204C4,20204,C4,0,18101,18000,2026-04-15T05:40:00,37012,17000,E,40.417023,-3.7031636,10,True,2,7
2026-04-15T03:35:24Z,1002X20409C4b,20409,C4b,0,18000,18101,2026-04-15T05:59:00,17005,18000,E,40.40654,-3.6895106,10,False,6,1
2026-04-15T03:35:24Z,1002X20407C4b,20407,C4b,8,37011,37011,2026-04-15T05:34:00,17005,37012,A,40.288372,-3.7373493,10,True,1,1
2026-04-15T03:35:24Z,1002X20406C4b,20406,C4b,0,17005,17004,2026-04-15T06:11:00,37012,17005,E,40.644844,-3.7762609,10,True,3,3
2026-04-15T03:35:24Z,1002X21501C2,21501,C2,3,70107,70103,2026-04-15T05:42:00,17000,70200,S,40.50538,-3.3352833,10,False,1,5
2026-04-15T03:35:24Z,1002X20208C4,20208,C4,0,17000,18002,2026-04-15T05:52:00,37012,17000,E,40.471325,-3.6833096,10,True,2,8
2026-04-15T03:35:24Z,1002X20207C4a,20207,C4a,0,18000,18101,2026-04-15T05:47:00,19003,18000,E,40.40654,-3.6895106,10,True,6,1
2026-04-15T03:35:24Z,1002X21500C2,21500,C2,3,70108,70101,2026-04-15T05:38:00,70200,17000,27.0,40.431103,-3.5559914,10,True,2,2
2026-04-15T03:35:24Z,1002X20212C4a,20212,C4a,-1,19003,19002,2026-04-15T05:43:00,37012,19003,E,40.546417,-3.6351175,10,True,2,2
2026-04-15T03:35:24Z,1002X19502C5,19502,C5,0,35702,35703,2026-04-15T05:35:00,35012,35607,S,40.3791,-3.6987777,10,False,2,2
2026-04-15T03:35:24Z,1002X20211C4a,20211,C4a,0,37002,37010,2026-04-15T06:01:00,19003,37002,E,40.309868,-3.733689,10,True,1,1
2026-04-15T03:35:24Z,1002X75603C2,75603,C2,0,70200,70105,2026-04-15T06:04:00,12006,70200,E,40.644257,-3.1823237,10,False,1,1
2026-04-15T03:35:24Z,1002X21100C10,21100,C10,0,10104,10104,2026-04-15T05:36:00,17000,10200,A,40.60039,-3.98222,10,False,2,2
2026-04-15T03:35:24Z,1002X75601C2,75601,C2,1,70200,70105,2026-04-15T05:39:00,10203,70200,51.0,40.601532,-3.2244256,10,False,1,1
2026-04-15T03:35:24Z,1002X21508C2,21508,C2,0,17000,18002,2026-04-15T06:00:00,70103,17000,E,40.47097,-3.68245,10,False,12,2
2026-04-15T03:35:24Z,1002X21506C2,21506,C2,0,18002,18001,2026-04-15T05:48:00,70200,18002,E,40.44655,-3.691473,10,True,2,2
2026-04-15T03:35:24Z,1002X75000C8a,75000,C8a,0,10203,10202,2026-04-15T05:48:00,70200,10203,E,40.58532,-4.1321955,10,False,3,2
2026-04-15T03:40:28Z,3002X23601C4,23601,C4,0,51003,51003,2026-04-15T05:54:00,51003,51003,A,37.392242,-5.974642,30,False,8,8
2026-04-15T03:40:28Z,3002X23501C1,23501,C1,5,50702,50702,2026-04-15T05:45:33,50600,51003,A,37.54619,-5.8666563,30,False,1,1
2026-04-15T03:40:28Z,3002X23502C1,23502,C1,0,51003,51003,2026-04-15T05:55:00,51200,51003,A,37.392567,-5.9749837,30,False,9,9
2026-04-15T03:40:28Z,3202X23305C1,23305,C1,0,54517,54517,2026-04-15T05:55:00,54516,54517,A,36.715366,-4.4266005,32,False,1,1
2026-04-15T03:40:28Z,3202X23151C2,23151,C2,0,54517,54517,2026-04-15T05:44:00,54405,54517,A,36.715366,-4.4266005,32,False,,
2026-04-15T03:40:28Z,5102X77201R2S,77201,R2S,-1,71801,71801,2026-04-15T05:41:17,71600,79400,A,41.379513,2.1412146,50,False,12,12
2026-04-15T03:40:28Z,5102X25602R1,25602,R1,0,79406,79406,2026-04-15T05:40:37,72305,79603,A,41.468693,2.2867389,50,True,2,2
2026-04-15T03:40:28Z,5102X77200R2S,15046,R2S,5,71700,71701,2026-04-15T05:46:06,79400,71600,5.0,41.219925,1.7350107,50,False,3,2
2026-04-15T03:40:28Z,5102X77400R4,77400,R4,4,72207,72208,2026-04-15T05:47:01,78700,71600,5.0,41.420914,1.7988172,50,False,2,
2026-04-15T03:40:28Z,5102X77600R4,77600,R4,0,78806,78806,2026-04-15T05:40:51,78700,72209,A,41.42185,2.1869605,50,True,1,1
2026-04-15T03:40:28Z,5102X77502R4,77502,R4,1,72301,72301,2026-04-15T05:40:33,71600,78700,A,41.38308,2.0479817,50,False,1,1
2026-04-15T03:40:28Z,5102X77602R4,77602,R4,1,72301,72301,2026-04-15T05:41:36,78700,72209,A,41.38308,2.0479817,50,False,2,2
2026-04-15T03:40:28Z,5102X77504R4,77504,R4,2,78806,78804,2026-04-15T05:46:09,71600,78700,4.0,41.420544,2.1869524,50,False,2,2
2026-04-15T03:40:28Z,6002X26001C2,26001,C2,2,13504,13508,2026-04-15T05:44:04,13506,13200,E,43.31141,-3.0604117,60,False,3,1
2026-04-15T03:40:28Z,6002X26000C2,26000,C2,0,13303,13303,2026-04-15T05:40:59,13200,13506,A,43.26418,-2.9553094,60,False,2,2
2026-04-15T03:40:28Z,6002X26101C1,26101,C1,1,13402,13403,2026-04-15T05:42:05,13405,13200,E,43.312733,-3.004488,60,False,1,1
2026-04-15T03:40:28Z,6002X26502C3,26502,C3,0,13110,13110,2026-04-15T05:43:30,13100,13200,A,43.17912,-2.9028738,60,False,2,2
2026-04-15T03:40:28Z,6002X26600C3,26600,C3,0,13113,13113,2026-04-15T05:40:24,13106,13200,A,43.236897,-2.889748,60,False,2,2
2026-04-15T03:40:28Z,6202X71152C2,71152,C2,0,14223,14223,2026-04-15T05:45:00,05637,14223,A,43.45811,-3.8111749,62,True,1AM,1AM
2026-04-15T03:40:28Z,6202X71351C3,71351,C3,0,14223,14223,2026-04-15T05:50:00,05671,14223,A,43.45811,-3.8111749,62,True,9AM,9AM
2026-04-15T03:40:28Z,4102X84900C2,84900,C2,0,06006,06005,2026-04-15T06:14:00,61200,06006,E,37.672035,-1.6961039,41,False,1,1
2026-04-15T03:40:28Z,4102X24701C1,24701,C1,0,60911,62109,2026-04-15T05:54:00,61200,60911,E,38.34553,-0.49576503,41,False,1,1
2026-04-15T03:40:28Z,1002X20702C5,20702,C5,0,35604,35603,2026-04-15T05:41:00,35002,35607,E,40.356674,-3.8156087,10,False,1,1
2026-04-15T03:40:28Z,1002X78004C3,78004,C3,1,18101,18000,2026-04-15T05:44:00,60200,17000,28.0,40.413467,-3.7015164,10,True,2,7
2026-04-15T03:40:28Z,1002X76811C7,76811,C7,2,70200,70105,2026-04-15T05:47:00,10000,70200,17.0,40.4889,-3.3666708,10,False,1,1
2026-04-15T03:40:28Z,1002X78003C3,78003,C3,4,60102,60109,2026-04-15T05:42:00,17000,60200,E,40.305756,-3.707588,10,False,1,1
2026-04-15T03:40:28Z,1002X19515C5,19515,C5,0,35012,35002,2026-04-15T05:53:00,35607,35012,E,40.25559,-3.8284667,10,False,1,1
2026-04-15T03:40:28Z,1002X78006C3,78006,C3,0,17000,18002,2026-04-15T06:01:00,60200,17000,E,40.471382,-3.6834786,10,True,2,8
2026-04-15T03:40:28Z,1002X19521C5,19521,C5,0,35012,35002,2026-04-15T05:59:00,35607,35012,E,40.25559,-3.8284667,10,False,1,1
2026-04-15T03:40:28Z,1002X21001C8a,21001,C8a,0,17000,97201,2026-04-15T06:03:00,10203,17000,E,40.47113,-3.6828332,10,True,11,1
2026-04-15T03:40:28Z,1002X75502C2,75502,C2,0,17000,18002,2026-04-15T06:05:00,70200,17000,E,40.47097,-3.68245,10,False,12,2
2026-04-15T03:40:28Z,1002X75500C2,75500,C2,0,18000,70002,2026-04-15T05:46:00,70200,17000,E,40.40667,-3.689395,10,False,3,2
2026-04-15T03:40:28Z,1002X76280C10,76280,C10,0,18002,18001,2026-04-15T06:11:00,10203,18002,E,40.44655,-3.691473,10,False,4,2
2026-04-15T03:40:28Z,1002X76800C2,76800,C2,0,17000,18002,2026-04-15T05:49:00,70200,17000,E,40.47097,-3.68245,10,False,12,2
2026-04-15T03:40:28Z,1002X76804C7,76804,C7,0,10000,10001,2026-04-15T06:13:00,70200,10000,E,40.42163,-3.7193205,10,False,2,2
2026-04-15T03:40:28Z,1002X19800C1,19800,C1,0,17000,98003,2026-04-15T05:54:00,98305,17000,E,40.47102,-3.6825693,10,False,12,2
2026-04-15T03:40:28Z,1002X19803C1,19803,C1,0,98305,98304,2026-04-15T05:59:00,17000,98305,E,40.4924,-3.593483,10,False,2,1
2026-04-15T03:40:28Z,1002X19508C5,19508,C5,0,35607,35606,2026-04-15T05:42:00,35012,35607,21.0,40.33258,-3.8780818,10,False,2,1
2026-04-15T03:40:28Z,1002X19527C5,19527,C5,0,35012,35002,2026-04-15T06:05:00,35607,35012,E,40.25559,-3.8284667,10,False,1,1
2026-04-15T03:40:28Z,1002X19509C5,19509,C5,0,35002,35010,2026-04-15T05:34:00,35607,35012,E,40.283237,-3.7991464,10,False,1,1
2026-04-15T03:40:28Z,1002X20202C4,20202,C4,3,37010,37002,2026-04-15T05:43:00,37012,18000,14.0,40.32128,-3.728253,10,True,2,2
2026-04-15T03:40:28Z,1002X19504C5,19504,C5,0,35609,18000,2026-04-15T05:44:00,35012,35607,S,40.405067,-3.7026901,10,False,1,10
2026-04-15T03:40:28Z,1002X20207C4a,20207,C4a,0,18000,18101,2026-04-15T05:47:00,19003,18000,E,40.40654,-3.6895106,10,True,6,1
2026-04-15T03:40:28Z,1002X20405C4b,20405,C4b,2,17000,17001,2026-04-15T05:44:00,17005,18000,10.0,40.474396,-3.682049,10,True,5,1
2026-04-15T03:40:28Z,1002X19503C5,19503,C5,0,37001,35704,2026-04-15T05:31:00,35607,35012,S,40.34132,-3.7123663,10,False,4,1
2026-04-15T03:40:28Z,1002X19505C5,19505,C5,0,35001,35009,2026-04-15T05:34:00,35607,35012,E,40.328766,-3.7714624,10,False,1,1
2026-04-15T03:40:28Z,1002X20206C4,20206,C4,0,37001,37010,2026-04-15T06:08:00,37012,37001,E,40.34132,-3.7123663,10,True,2,2
2026-04-15T03:40:28Z,1002X20403C4b,20403,C4b,9,17005,17005,2026-04-15T05:40:00,17005,17000,A,40.644844,-3.7762609,10,True,3,3
2026-04-15T03:40:28Z,1002X19510C5,19510,C5,0,35607,35606,2026-04-15T05:53:00,35012,35607,E,40.330883,-3.8823783,10,False,2,1
2026-04-15T03:40:28Z,1002X20205C4a,20205,C4a,3,18002,17000,2026-04-15T05:47:00,19003,37012,E,40.4466,-3.6920877,10,True,6,3
2026-04-15T03:40:28Z,1002X19799C1,19799,C1,6,98003,98304,2026-04-15T05:46:00,98305,18000,E,40.484917,-3.6630294,10,False,2,2
2026-04-15T03:40:28Z,1002X20600C8b,20600,C8b,0,12006,12005,2026-04-15T06:04:00,70200,12006,E,40.737614,-4.0662985,10,False,2,1
2026-04-15T03:40:28Z,1002X20402C4b,20402,C4b,0,17005,17004,2026-04-15T05:48:00,37012,17005,E,40.644844,-3.7762609,10,True,3,3
2026-04-15T03:40:28Z,1002X19512C5,19512,C5,0,35607,35606,2026-04-15T06:01:00,35012,35607,E,40.330883,-3.8823783,10,False,2,1
2026-04-15T03:40:28Z,1002X19531C5,19531,C5,0,35012,35002,2026-04-15T06:10:00,35607,35012,E,40.25559,-3.8284667,10,False,1,1
2026-04-15T03:40:28Z,1002X20706C5,20706,C5,0,35607,35606,2026-04-15T06:12:00,35002,35607,E,40.330883,-3.8823783,10,False,2,1
2026-04-15T03:40:28Z,1002X20704C5,20704,C5,0,35607,35606,2026-04-15T06:07:00,35002,35607,E,40.330883,-3.8823783,10,False,2,1
2026-04-15T03:40:28Z,1002X20409C4b,20409,C4b,0,18000,18101,2026-04-15T05:59:00,17005,18000,E,40.40654,-3.6895106,10,False,6,1
2026-04-15T03:40:28Z,1002X76170C10,76170,C10,0,10203,10202,2026-04-15T06:03:00,17000,10203,E,40.626007,-4.008192,10,False,2,2
2026-04-15T03:40:28Z,1002X20407C4b,20407,C4b,11,37002,37010,2026-04-15T05:42:00,17005,37012,E,40.309868,-3.733689,10,True,1,1
2026-04-15T03:40:28Z,1002X20703C5,20703,C5,0,35002,35010,2026-04-15T05:48:00,35607,35002,E,40.283237,-3.7991464,10,False,1,1
2026-04-15T03:40:28Z,1002X35020C10,35020,C10,1,18002,18001,2026-04-15T05:44:00,10000,17000,E,40.44655,-3.691473,10,False,4,2
2026-04-15T03:40:28Z,1002X20406C4b,20406,C4b,0,17005,17004,2026-04-15T06:11:00,37012,17005,E,40.644844,-3.7762609,10,True,3,3
2026-04-15T03:40:28Z,1002X20208C4,20208,C4,0,17000,18002,2026-04-15T05:52:00,37012,17000,E,40.471325,-3.6833096,10,True,2,8
2026-04-15T03:40:28Z,1002X21500C2,21500,C2,0,70102,70112,2026-04-15T05:44:00,70200,17000,E,40.454636,-3.4796963,10,True,2,2
2026-04-15T03:40:28Z,1002X20212C4a,20212,C4a,-1,19003,19002,2026-04-15T05:43:00,37012,19003,E,40.546417,-3.6351175,10,True,2,2
2026-04-15T03:40:28Z,1002X19502C5,19502,C5,0,37001,37001,2026-04-15T05:40:00,35012,35607,A,40.34132,-3.7123663,10,False,6,6
2026-04-15T03:40:28Z,1002X20211C4a,20211,C4a,0,37002,37010,2026-04-15T06:01:00,19003,37002,E,40.309868,-3.733689,10,True,1,1
2026-04-15T03:40:28Z,1002X75603C2,75603,C2,0,70200,70105,2026-04-15T06:04:00,12006,70200,E,40.644257,-3.1823237,10,False,1,1
2026-04-15T03:40:28Z,1002X21100C10,21100,C10,0,10103,10101,2026-04-15T05:45:00,17000,10200,E,40.574413,-3.9567041,10,False,2,2
2026-04-15T03:40:28Z,1002X75601C2,75601,C2,2,70105,70104,2026-04-15T05:44:00,10203,70200,10.0,40.558296,-3.2686126,10,False,1,1
2026-04-15T03:40:28Z,1002X21508C2,21508,C2,0,17000,18002,2026-04-15T06:00:00,70103,17000,E,40.47097,-3.68245,10,False,12,2
2026-04-15T03:40:28Z,1002X21506C2,21506,C2,0,18002,18001,2026-04-15T05:48:00,70200,18002,E,40.44655,-3.691473,10,True,2,2
2026-04-15T03:40:28Z,1002X21703C2,21703,C2,0,70002,18000,2026-04-15T05:46:00,10203,70103,E,40.381775,-3.6681283,10,True,1,2
2026-04-15T03:40:28Z,1002X75000C8a,75000,C8a,0,10203,10202,2026-04-15T05:48:00,70200,10203,E,40.58532,-4.1321955,10,False,3,2
2026-04-15T03:40:28Z,1002X20216C4a,20216,C4a,0,19003,19002,2026-04-15T06:07:00,37012,19003,E,40.546417,-3.6351175,10,True,2,2
2026-04-15T03:40:28Z,1002X78002C3,78002,C3,7,60100,60107,2026-04-15T05:42:00,60200,17000,21.0,40.350525,-3.6838865,10,True,3,2
2026-04-15T03:45:28Z,3002X83101C3,83101,C3,0,50700,50700,2026-04-15T06:00:00,40115,50700,A,37.59084,-5.7277255,30,False,,
2026-04-15T03:45:28Z,3002X23501C1,23501,C1,5,50702,50702,2026-04-15T05:46:16,50600,51003,A,37.54619,-5.8666563,30,False,1,1
2026-04-15T03:45:28Z,3002X23601C4,23601,C4,0,51003,51003,2026-04-15T05:54:00,51003,51003,A,37.392242,-5.974642,30,False,8,8
2026-04-15T03:45:28Z,3002X23505C1,23505,C1,0,51200,51200,2026-04-15T06:00:00,50600,51200,A,37.18487,-5.7904587,30,False,3,3
2026-04-15T03:45:28Z,3002X23502C1,23502,C1,0,51003,51003,2026-04-15T05:55:00,51200,51003,A,37.392567,-5.9749837,30,False,9,9
2026-04-15T03:45:28Z,3202X23303C1,23303,C1,4,54509,54519,2026-04-15T05:48:19,54516,54517,E,36.622364,-4.49936,32,False,1,1
2026-04-15T03:45:28Z,3202X23305C1,23305,C1,0,54517,54517,2026-04-15T05:55:00,54516,54517,A,36.715366,-4.4266005,32,False,1,1
2026-04-15T03:45:28Z,4002X76600C3,76600,C3,0,66206,66206,2026-04-15T06:00:00,65002,66206,A,39.427246,-0.7875172,40,False,,
2026-04-15T03:45:28Z,5102X28404R2N,28404,R2N,2,79102,79102,2026-04-15T05:46:34,72400,79104,A,41.637882,2.4045222,50,True,2,2
2026-04-15T03:45:28Z,5102X25602R1,25602,R1,0,79404,79404,2026-04-15T05:45:24,72305,79603,A,41.445705,2.2490852,50,True,2,2
2026-04-15T03:45:28Z,5102X28400R2N,28400,R2N,8,71801,71708,2026-04-15T05:52:34,72400,79100,E,41.37954,2.1411655,50,True,11,
2026-04-15T03:45:28Z,5102X25604R1,25604,R1,1,79500,79500,2026-04-15T05:47:11,72305,79603,A,41.53325,2.4456325,50,True,2,2
2026-04-15T03:45:28Z,5102X77502R4,77502,R4,4,72301,72300,2026-04-15T05:51:19,71600,78700,E,41.38308,2.0479817,50,False,1,1
2026-04-15T03:45:28Z,5102X25702R1,25702,R1,1,78805,71801,2026-04-15T05:49:12,72305,79500,5.0,41.38735,2.1682818,50,True,2,7
2026-04-15T03:45:28Z,5102X77702R4,77702,R4,1,78800,78801,2026-04-15T05:48:21,72209,78800,2.0,41.47008,2.1793425,50,True,5,2
2026-04-15T03:45:28Z,5102X77200R2S,15046,R2S,10,71701,71701,2026-04-15T05:51:00,79400,71600,A,41.23921,1.8097008,50,False,2,2
2026-04-15T03:45:28Z,5102X78280R2,78280,R2,3,79004,79004,2026-04-15T05:45:32,79200,71700,A,41.436115,2.1933901,50,True,1,1
2026-04-15T03:45:28Z,6002X26002C2,26002,C2,2,13507,13503,2026-04-15T05:47:05,13200,13506,E,43.307487,-3.0410612,60,False,1,1
2026-04-15T03:45:28Z,6002X26001C2,26001,C2,1,13505,13505,2026-04-15T05:47:06,13506,13200,A,43.315636,-3.0911126,60,False,1,1
2026-04-15T03:45:28Z,6102X35612C1,35612,C1,0,11511,11509,2026-04-15T05:54:20,11305,11600,E,43.317684,-1.9766475,61,False,2,2
2026-04-15T03:45:28Z,6102X35652C1,35652,C1,1,11505,11504,2026-04-15T05:48:54,11400,11516,E,43.2221,-2.015703,61,False,2,2
2026-04-15T03:45:28Z,6102X35655C1,35655,C1,2,11503,11504,2026-04-15T05:50:17,11600,11400,E,43.18919,-2.0554729,61,False,1,1
2026-04-15T03:45:28Z,6102X30600C1,16000,C1,1,11600,11518,2026-04-15T05:50:56,11305,11600,E,43.33877,-1.8007782,61,False,2,1
2026-04-15T03:45:28Z,6202X71351C3,71351,C3,0,14223,14223,2026-04-15T05:50:00,05671,14223,A,43.45811,-3.8111749,62,True,9AM,9AM
2026-04-15T03:45:28Z,6202X71104C2,71104,C2,0,14223,14223,2026-04-15T05:58:00,05623,14223,A,43.45811,-3.8111749,62,True,2AM,2AM
2026-04-15T03:45:28Z,4102X24701C1,24701,C1,0,60911,62109,2026-04-15T05:54:00,61200,60911,E,38.34553,-0.49576503,41,False,1,1
2026-04-15T03:45:28Z,4102X84900C2,84900,C2,0,06006,06005,2026-04-15T06:14:00,61200,06006,E,37.672035,-1.6961039,41,False,1,1
2026-04-15T03:45:28Z,1002X20709C5,20709,C5,0,35002,35010,2026-04-15T06:16:00,35607,35002,E,40.283237,-3.7991464,10,False,1,1
2026-04-15T03:45:28Z,1002X78006C3,78006,C3,0,17000,18002,2026-04-15T06:01:00,60200,17000,E,40.471382,-3.6834786,10,True,2,8
2026-04-15T03:45:28Z,1002X19805C1,19805,C1,0,98305,98304,2026-04-15T06:14:00,17000,98305,E,40.4924,-3.593483,10,False,2,1
2026-04-15T03:45:28Z,1002X76800C2,76800,C2,0,17000,18002,2026-04-15T05:49:00,70200,17000,E,40.47097,-3.68245,10,False,12,2
2026-04-15T03:45:28Z,1002X78005C3,78005,C3,4,60105,60104,2026-04-15T05:50:00,17000,60200,E,40.159317,-3.6098835,10,False,1,1
2026-04-15T03:45:28Z,1002X76802C2,76802,C2,0,17000,18002,2026-04-15T06:17:00,70200,17000,E,40.47097,-3.68245,10,False,12,2
2026-04-15T03:45:28Z,1002X76804C7,76804,C7,0,10000,10001,2026-04-15T06:13:00,70200,10000,E,40.42163,-3.7193205,10,False,2,2
2026-04-15T03:45:28Z,1002X78008C3,78008,C3,0,17000,18002,2026-04-15T06:16:00,60200,17000,E,40.471382,-3.6834786,10,True,2,8
2026-04-15T03:45:28Z,1002X19800C1,19800,C1,0,17000,98003,2026-04-15T05:54:00,98305,17000,E,40.47102,-3.6825693,10,False,12,2
2026-04-15T03:45:28Z,1002X19803C1,19803,C1,0,98305,98304,2026-04-15T05:59:00,17000,98305,E,40.4924,-3.593483,10,False,2,1
2026-04-15T03:45:28Z,1002X19508C5,19508,C5,0,35610,35610,2026-04-15T05:45:00,35012,35607,A,40.34195,-3.8423326,10,False,1,1
2026-04-15T03:45:28Z,1002X19527C5,19527,C5,0,35012,35002,2026-04-15T06:05:00,35607,35012,E,40.25559,-3.8284667,10,False,1,1
2026-04-15T03:45:28Z,1002X19509C5,19509,C5,0,35001,35001,2026-04-15T05:39:00,35607,35012,A,40.328766,-3.7714624,10,False,1,1
2026-04-15T03:45:28Z,1002X76811C7,76811,C7,2,70200,70105,2026-04-15T05:47:00,10000,70200,80.0,40.4889,-3.3666708,10,False,1,1
2026-04-15T03:45:28Z,1002X76813C7,76813,C7,0,70200,70105,2026-04-15T06:21:00,10000,70200,E,40.4889,-3.3666708,10,False,1,1
2026-04-15T03:45:28Z,1002X19515C5,19515,C5,0,35012,35002,2026-04-15T05:53:00,35607,35012,E,40.25559,-3.8284667,10,False,1,1
2026-04-15T03:45:28Z,1002X19521C5,19521,C5,0,35012,35002,2026-04-15T05:59:00,35607,35012,E,40.25559,-3.8284667,10,False,1,1
2026-04-15T03:45:28Z,1002X19503C5,19503,C5,0,35702,35702,2026-04-15T05:35:00,35607,35012,A,40.3791,-3.6987777,10,False,1,1
2026-04-15T03:45:28Z,1002X21001C8a,21001,C8a,0,17000,97201,2026-04-15T06:03:00,10203,17000,E,40.47113,-3.6828332,10,True,11,1
2026-04-15T03:45:28Z,1002X19505C5,19505,C5,0,37001,35704,2026-04-15T05:40:00,35607,35012,E,40.34132,-3.7123663,10,False,4,1
2026-04-15T03:45:28Z,1002X75502C2,75502,C2,0,17000,18002,2026-04-15T06:05:00,70200,17000,E,40.47097,-3.68245,10,False,12,2
2026-04-15T03:45:28Z,1002X75500C2,75500,C2,0,70002,70003,2026-04-15T05:48:00,70200,17000,E,40.381775,-3.6681283,10,False,2,2
2026-04-15T03:45:28Z,1002X19510C5,19510,C5,0,35607,35606,2026-04-15T05:53:00,35012,35607,E,40.330883,-3.8823783,10,False,2,1
2026-04-15T03:45:28Z,1002X76280C10,76280,C10,0,18002,18001,2026-04-15T06:11:00,10203,18002,E,40.44655,-3.691473,10,False,4,2
2026-04-15T03:45:28Z,1002X19513C5,19513,C5,0,35002,35002,2026-04-15T05:41:00,35607,35012,A,40.283237,-3.7991464,10,False,1,1
2026-04-15T03:45:28Z,1002X19799C1,19799,C1,4,98304,98304,2026-04-15T05:44:00,98305,18000,A,40.481907,-3.616286,10,False,2,2
2026-04-15T03:45:28Z,1002X19512C5,19512,C5,0,35607,35606,2026-04-15T06:01:00,35012,35607,E,40.330883,-3.8823783,10,False,2,1
2026-04-15T03:45:28Z,1002X20706C5,20706,C5,0,35607,35606,2026-04-15T06:12:00,35002,35607,E,40.330883,-3.8823783,10,False,2,1
2026-04-15T03:45:28Z,1002X20704C5,20704,C5,0,35607,35606,2026-04-15T06:07:00,35002,35607,E,40.330883,-3.8823783,10,False,2,1
2026-04-15T03:45:28Z,1002X76170C10,76170,C10,0,10203,10202,2026-04-15T06:03:00,17000,10203,E,40.626007,-4.008192,10,False,2,2
2026-04-15T03:45:28Z,1002X20703C5,20703,C5,0,35002,35010,2026-04-15T05:48:00,35607,35002,E,40.283237,-3.7991464,10,False,1,1
2026-04-15T03:45:28Z,1002X20405C4b,20405,C4b,1,17001,17009,2026-04-15T05:49:00,17005,18000,28.0,40.51516,-3.6842942,10,True,1,1
2026-04-15T03:45:28Z,1002X20206C4,20206,C4,0,37001,37010,2026-04-15T06:08:00,37012,37001,E,40.34132,-3.7123663,10,True,2,2
2026-04-15T03:45:28Z,1002X20601C8b,20601,C8b,0,17000,97201,2026-04-15T06:18:00,12006,17000,E,40.47113,-3.6828332,10,False,11,1
2026-04-15T03:45:28Z,1002X20205C4a,20205,C4a,2,17000,17001,2026-04-15T05:49:00,19003,37012,E,40.471325,-3.6833096,10,True,3,1
2026-04-15T03:45:28Z,1002X20600C8b,20600,C8b,0,12006,12005,2026-04-15T06:04:00,70200,12006,E,40.737614,-4.0662985,10,False,2,1
2026-04-15T03:45:28Z,1002X35020C10,35020,C10,2,18001,18000,2026-04-15T05:51:00,10000,17000,S,40.42352,-3.6912522,10,False,2,4
2026-04-15T03:45:28Z,1002X20702C5,20702,C5,0,35601,35601,2026-04-15T05:45:00,35002,35607,A,40.38357,-3.7686734,10,False,1,1
2026-04-15T03:45:28Z,1002X19518C5,19518,C5,0,35607,35606,2026-04-15T06:17:00,35012,35607,E,40.330883,-3.8823783,10,False,2,1
2026-04-15T03:45:28Z,1002X21501C2,21501,C2,0,70112,70102,2026-04-15T05:48:00,17000,70200,E,40.464172,-3.4414766,10,False,1,1
2026-04-15T03:45:28Z,1002X21500C2,21500,C2,0,70112,70111,2026-04-15T05:48:00,70200,17000,E,40.464172,-3.4414766,10,True,2,2
2026-04-15T03:45:28Z,1002X20212C4a,20212,C4a,0,19002,19001,2026-04-15T05:47:00,37012,19003,E,40.54745,-3.6543186,10,False,2,2
2026-04-15T03:45:28Z,1002X19502C5,19502,C5,0,35009,35009,2026-04-15T05:43:00,35012,35607,A,40.34086,-3.7482634,10,False,2,2
2026-04-15T03:45:28Z,1002X20402C4b,20402,C4b,3,17005,17004,2026-04-15T05:51:00,37012,17005,7.0,40.645092,-3.768482,10,True,3,3
2026-04-15T03:45:28Z,1002X20211C4a,20211,C4a,0,37002,37010,2026-04-15T06:01:00,19003,37002,E,40.309868,-3.733689,10,True,1,1
2026-04-15T03:45:28Z,1002X20204C4,20204,C4,0,60100,37001,2026-04-15T05:51:00,37012,17000,E,40.352676,-3.684073,10,True,1,2
2026-04-15T03:45:28Z,1002X75603C2,75603,C2,0,70200,70105,2026-04-15T06:04:00,12006,70200,E,40.644257,-3.1823237,10,False,1,1
2026-04-15T03:45:28Z,1002X19531C5,19531,C5,0,35012,35002,2026-04-15T06:10:00,35607,35012,E,40.25559,-3.8284667,10,False,1,1
2026-04-15T03:45:28Z,1002X21100C10,21100,C10,0,10101,10101,2026-04-15T05:45:00,17000,10200,A,40.552284,-3.8969665,10,False,2,2
2026-04-15T03:45:28Z,1002X20409C4b,20409,C4b,0,18000,18101,2026-04-15T05:59:00,17005,18000,E,40.40654,-3.6895106,10,False,6,1
2026-04-15T03:45:28Z,1002X20209C4a,20209,C4a,7,37011,37002,2026-04-15T05:47:00,19003,37012,E,40.288372,-3.7373493,10,True,1,1
2026-04-15T03:45:28Z,1002X75601C2,75601,C2,2,70104,70107,2026-04-15T05:48:00,10203,70200,35.0,40.524338,-3.311426,10,False,1,1
2026-04-15T03:45:28Z,1002X21508C2,21508,C2,0,17000,18002,2026-04-15T06:00:00,70103,17000,E,40.47097,-3.68245,10,False,12,2
2026-04-15T03:45:28Z,1002X20407C4b,20407,C4b,14,37010,37001,2026-04-15T05:49:00,17005,37012,10.0,40.325478,-3.7262385,10,True,1,1
2026-04-15T03:45:28Z,1002X20406C4b,20406,C4b,0,17005,17004,2026-04-15T06:11:00,37012,17005,E,40.644844,-3.7762609,10,True,3,3
2026-04-15T03:45:28Z,1002X20208C4,20208,C4,0,17000,18002,2026-04-15T05:52:00,37012,17000,E,40.471325,-3.6833096,10,True,2,8
2026-04-15T03:45:28Z,1002X20207C4a,20207,C4a,0,18000,18101,2026-04-15T05:47:00,19003,18000,E,40.40654,-3.6895106,10,True,6,1
2026-04-15T03:45:28Z,1002X21506C2,21506,C2,1,18002,18001,2026-04-15T05:49:00,70200,18002,10.0,40.444134,-3.6916912,10,True,2,2
2026-04-15T03:45:28Z,1002X21703C2,21703,C2,5,70002,18000,2026-04-15T05:51:00,10203,70103,7.0,40.383667,-3.669652,10,True,1,2
2026-04-15T03:45:28Z,1002X75000C8a,75000,C8a,0,10203,10202,2026-04-15T05:48:00,70200,10203,E,40.58532,-4.1321955,10,False,3,2
2026-04-15T03:45:28Z,1002X20216C4a,20216,C4a,0,19003,19002,2026-04-15T06:07:00,37012,19003,E,40.546417,-3.6351175,10,True,2,2
2026-04-15T03:45:28Z,1002X78002C3,78002,C3,5,60109,60109,2026-04-15T05:45:00,60200,17000,A,40.318535,-3.7097142,10,True,2,2
2026-04-15T03:45:28Z,1002X78003C3,78003,C3,4,60101,60107,2026-04-15T05:48:00,17000,60200,E,40.331753,-3.6989367,10,False,1,1
2026-04-15T03:50:28Z,3002X23501C1,23501,C1,4,50701,50701,2026-04-15T05:51:25,50600,51003,A,37.574757,-5.8031654,30,False,1,1
2026-04-15T03:50:28Z,3002X83101C3,83101,C3,0,50700,50700,2026-04-15T06:00:00,40115,50700,A,37.59084,-5.7277255,30,False,,
2026-04-15T03:50:28Z,3002X23502C1,23502,C1,0,51003,51003,2026-04-15T05:55:00,51200,51003,A,37.392567,-5.9749837,30,False,9,9
2026-04-15T03:50:28Z,3002X23601C4,23601,C4,0,51003,51003,2026-04-15T05:54:00,51003,51003,A,37.392242,-5.974642,30,False,8,8
2026-04-15T03:50:28Z,3002X23505C1,23505,C1,0,51200,51200,2026-04-15T06:00:00,50600,51200,A,37.18487,-5.7904587,30,False,3,3
2026-04-15T03:50:28Z,3002X23701C5,23701,C5,0,43005,43005,2026-04-15T06:05:00,51103,43005,A,37.35694,-6.208262,30,False,3,3
2026-04-15T03:50:28Z,3202X23305C1,23305,C1,0,54517,54517,2026-04-15T05:55:00,54516,54517,A,36.715366,-4.4266005,32,False,1,1
2026-04-15T03:50:28Z,4002X24000C2,24000,C2,0,64103,64103,2026-04-15T05:50:30,65000,64006,A,39.120583,-0.4546326,40,False,2,2
2026-04-15T03:50:28Z,4002X76200C1,76200,C1,2,69105,69105,2026-04-15T05:50:52,65000,69110,A,39.079094,-0.22619021,40,False,3,3
2026-04-15T03:50:28Z,4002X76600C3,76600,C3,0,66206,66206,2026-04-15T06:00:00,65002,66206,A,39.427246,-0.7875172,40,False,,
2026-04-15T03:50:28Z,5102X28404R2N,28404,R2N,1,79101,79109,2026-04-15T05:56:18,72400,79104,E,41.636314,2.3562145,50,True,2,2
2026-04-15T03:50:28Z,5102X28402R2N,28402,R2N,3,79004,79004,2026-04-15T05:52:54,72400,79100,A,41.43613,2.1936417,50,True,2,2
2026-04-15T03:50:28Z,5102X77400R4,77400,R4,9,72208,72208,2026-04-15T05:52:05,78700,71600,A,41.44866,1.865482,50,False,2,2
2026-04-15T03:50:28Z,5102X77702R4,77702,R4,1,78802,78802,2026-04-15T05:50:48,72209,78800,A,41.430275,2.1831505,50,True,2,2
2026-04-15T03:50:28Z,5102X77504R4,77504,R4,0,71801,71801,2026-04-15T05:50:39,71600,78700,A,41.379536,2.1411612,50,False,,
2026-04-15T03:50:28Z,5102X25602R1,25602,R1,1,79403,79009,2026-04-15T05:58:04,72305,79603,4.0,41.422543,2.2289464,50,True,2,3
2026-04-15T03:50:28Z,5102X25604R1,25604,R1,2,79412,79412,2026-04-15T05:52:32,72305,79603,A,41.50672,2.4016483,50,True,2,2
2026-04-15T03:50:28Z,5102X25704R1,25704,R1,0,79500,79500,2026-04-15T06:01:00,72305,79500,A,41.53325,2.4456325,50,True,3,3
2026-04-15T03:50:28Z,5102X77402R4,77402,R4,3,72203,72204,2026-04-15T05:55:04,78700,71600,7.0,41.31618,1.6633652,50,False,2,2
2026-04-15T03:50:28Z,5102X77600R4,77600,R4,1,78800,78800,2026-04-15T05:51:10,78700,72209,A,41.470253,2.1794534,50,True,6,6
2026-04-15T03:50:28Z,5102X77502R4,77502,R4,2,72300,72211,2026-04-15T05:53:08,71600,78700,E,41.40998,2.0208638,50,False,1,1
2026-04-15T03:50:28Z,5102X77602R4,77602,R4,4,72303,72303,2026-04-15T05:50:38,78700,72209,A,41.357582,2.070575,50,False,2,2
2026-04-15T03:50:28Z,6002X26600C3,26600,C3,0,13110,13110,2026-04-15T05:53:56,13106,13200,A,43.17912,-2.9028738,60,False,2,2
2026-04-15T03:50:28Z,6102X35652C1,35652,C1,-1,11503,11503,2026-04-15T05:50:55,11400,11516,A,43.18919,-2.0554729,61,False,2,2
2026-04-15T03:50:28Z,6202X71100C2,71100,C2,-1,05621,05621,2026-04-15T05:50:39,05623,14223,A,43.35116,-4.0512547,62,True,1,1
2026-04-15T03:50:28Z,6202X71104C2,71104,C2,0,14223,14223,2026-04-15T05:58:00,05623,14223,A,43.45811,-3.8111749,62,True,2AM,2AM
2026-04-15T03:50:28Z,4102X84900C2,84900,C2,0,06006,06005,2026-04-15T06:14:00,61200,06006,E,37.672035,-1.6961039,41,False,1,1
2026-04-15T03:50:28Z,4102X24701C1,24701,C1,0,60911,62109,2026-04-15T05:54:00,61200,60911,55.0,38.343983,-0.5194743,41,False,1,1
2026-04-15T03:50:28Z,1002X21501C2,21501,C2,1,70102,70101,2026-04-15T05:54:00,17000,70200,E,40.454636,-3.4796963,10,False,1,1
2026-04-15T03:50:28Z,1002X21001C8a,21001,C8a,0,17000,97201,2026-04-15T06:03:00,10203,17000,E,40.47113,-3.6828332,10,True,11,1
2026-04-15T03:50:28Z,1002X21500C2,21500,C2,0,70103,70103,2026-04-15T05:54:00,70200,17000,A,40.489193,-3.3662832,10,False,1,1
2026-04-15T03:50:28Z,1002X75502C2,75502,C2,0,17000,18002,2026-04-15T06:05:00,70200,17000,E,40.47097,-3.68245,10,False,12,2
2026-04-15T03:50:28Z,1002X21508C2,21508,C2,0,17000,18002,2026-04-15T06:00:00,70103,17000,E,40.47097,-3.68245,10,False,12,2
2026-04-15T03:50:28Z,1002X76280C10,76280,C10,0,18002,18001,2026-04-15T06:11:00,10203,18002,E,40.44655,-3.691473,10,False,4,2
2026-04-15T03:50:28Z,1002X20710C5,20710,C5,0,35607,35606,2026-04-15T06:22:00,35002,35607,E,40.330883,-3.8823783,10,False,2,1
2026-04-15T03:50:28Z,1002X20709C5,20709,C5,0,35002,35010,2026-04-15T06:16:00,35607,35002,E,40.283237,-3.7991464,10,False,1,1
2026-04-15T03:50:28Z,1002X20209C4a,20209,C4a,8,37010,37001,2026-04-15T05:54:00,19003,37012,E,40.323135,-3.7273622,10,True,1,1
2026-04-15T03:50:28Z,1002X21506C2,21506,C2,1,18001,18000,2026-04-15T05:55:00,70200,18002,8.0,40.42215,-3.6918812,10,True,2,3
2026-04-15T03:50:28Z,1002X20208C4,20208,C4,2,17000,18002,2026-04-15T05:54:00,37012,17000,10.0,40.468586,-3.6835735,10,True,2,8
2026-04-15T03:50:28Z,1002X75000C8a,75000,C8a,5,10203,10202,2026-04-15T05:53:00,70200,10203,48.0,40.605118,-4.0941467,10,False,3,2
2026-04-15T03:50:28Z,1002X20207C4a,20207,C4a,3,18101,18002,2026-04-15T05:55:00,19003,18000,8.0,40.419323,-3.701876,10,True,1,6
2026-04-15T03:50:28Z,1002X20206C4,20206,C4,0,37001,37010,2026-04-15T06:08:00,37012,37001,E,40.34132,-3.7123663,10,True,2,2
2026-04-15T03:50:28Z,1002X20601C8b,20601,C8b,0,17000,97201,2026-04-15T06:18:00,12006,17000,E,40.47113,-3.6828332,10,False,11,1
2026-04-15T03:50:28Z,1002X20205C4a,20205,C4a,2,17001,17001,2026-04-15T05:50:00,19003,37012,A,40.501648,-3.6821797,10,True,1,1
2026-04-15T03:50:28Z,1002X78002C3,78002,C3,7,60102,60103,2026-04-15T05:56:00,60200,17000,7.0,40.301376,-3.7069306,10,False,2,2
2026-04-15T03:50:28Z,1002X78004C3,78004,C3,0,60107,60107,2026-04-15T05:52:00,60200,17000,A,40.342415,-3.6838048,10,False,2,2
2026-04-15T03:50:28Z,1002X20600C8b,20600,C8b,0,12006,12005,2026-04-15T06:04:00,70200,12006,E,40.737614,-4.0662985,10,False,2,1
2026-04-15T03:50:28Z,1002X78006C3,78006,C3,0,17000,18002,2026-04-15T06:01:00,60200,17000,E,40.471382,-3.6834786,10,True,2,8
2026-04-15T03:50:28Z,1002X20204C4,20204,C4,0,37001,37010,2026-04-15T05:54:00,37012,17000,E,40.34132,-3.7123663,10,True,2,2
2026-04-15T03:50:28Z,1002X78005C3,78005,C3,8,60105,60104,2026-04-15T05:54:00,17000,60200,28.0,40.172234,-3.623352,10,False,1,1
2026-04-15T03:50:28Z,1002X20212C4a,20212,C4a,3,19001,17009,2026-04-15T05:53:00,37012,19003,14.0,40.55367,-3.6873527,10,True,2,2
2026-04-15T03:50:28Z,1002X78008C3,78008,C3,0,17000,18002,2026-04-15T06:16:00,60200,17000,E,40.471382,-3.6834786,10,True,2,8
2026-04-15T03:50:28Z,1002X19799C1,19799,C1,4,98305,98305,2026-04-15T05:49:00,98305,18000,A,40.4924,-3.593483,10,False,1,1
2026-04-15T03:50:28Z,1002X19502C5,19502,C5,0,35010,35010,2026-04-15T05:51:00,35012,35607,A,40.29673,-3.7924793,10,False,2,2
2026-04-15T03:50:28Z,1002X20211C4a,20211,C4a,0,37002,37010,2026-04-15T06:01:00,19003,37002,E,40.309868,-3.733689,10,True,1,1
2026-04-15T03:50:28Z,1002X20706C5,20706,C5,0,35607,35606,2026-04-15T06:12:00,35002,35607,E,40.330883,-3.8823783,10,False,2,1
2026-04-15T03:50:28Z,1002X20704C5,20704,C5,0,35607,35606,2026-04-15T06:07:00,35002,35607,E,40.330883,-3.8823783,10,False,2,1
2026-04-15T03:50:28Z,1002X20210C4,20210,C4,0,37001,37010,2026-04-15T06:22:00,37012,37001,E,40.34132,-3.7123663,10,True,2,2
2026-04-15T03:50:28Z,1002X75603C2,75603,C2,0,70200,70105,2026-04-15T06:04:00,12006,70200,E,40.644257,-3.1823237,10,False,1,1
2026-04-15T03:50:28Z,1002X76170C10,76170,C10,0,10203,10202,2026-04-15T06:03:00,17000,10203,E,40.626007,-4.008192,10,False,2,2
2026-04-15T03:50:28Z,1002X20702C5,20702,C5,0,35600,35608,2026-04-15T05:49:00,35002,35607,S,40.386257,-3.7610443,10,False,1,1
2026-04-15T03:50:28Z,1002X75601C2,75601,C2,2,70107,70103,2026-04-15T05:55:00,10203,70200,23.0,40.50031,-3.3416526,10,False,1,5
2026-04-15T03:50:28Z,1002X75809C7,75809,C7,0,18000,18001,2026-04-15T06:18:00,10000,18000,E,40.40667,-3.6893938,10,False,2,1
2026-04-15T03:50:28Z,1002X20218C4a,20218,C4a,0,19003,19002,2026-04-15T06:20:00,37012,19003,E,40.546417,-3.6351175,10,True,2,2
2026-04-15T03:50:28Z,1002X19521C5,19521,C5,0,35012,35002,2026-04-15T05:59:00,35607,35012,E,40.25559,-3.8284667,10,False,1,1
2026-04-15T03:50:28Z,1002X75302C10,75302,C10,0,17000,18002,2026-04-15T06:22:00,10100,17000,E,40.470848,-3.682503,10,False,8,4
2026-04-15T03:50:28Z,1002X21703C2,21703,C2,2,18001,18001,2026-04-15T05:50:00,10203,70103,A,40.42352,-3.6912522,10,True,1,1
2026-04-15T03:50:28Z,1002X19805C1,19805,C1,0,98305,98304,2026-04-15T06:14:00,17000,98305,E,40.4924,-3.593483,10,False,2,1
2026-04-15T03:50:28Z,1002X76800C2,76800,C2,0,18002,18002,2026-04-15T05:49:00,70200,17000,A,40.44655,-3.691473,10,False,2,2
2026-04-15T03:50:28Z,1002X76802C2,76802,C2,0,17000,18002,2026-04-15T06:17:00,70200,17000,E,40.47097,-3.68245,10,False,12,2
2026-04-15T03:50:28Z,1002X20216C4a,20216,C4a,0,19003,19002,2026-04-15T06:07:00,37012,19003,E,40.546417,-3.6351175,10,True,2,2
2026-04-15T03:50:28Z,1002X76804C7,76804,C7,0,10000,10001,2026-04-15T06:13:00,70200,10000,E,40.42163,-3.7193205,10,False,2,2
2026-04-15T03:50:28Z,1002X19800C1,19800,C1,0,17000,98003,2026-04-15T05:54:00,98305,17000,E,40.47102,-3.6825693,10,False,12,2
2026-04-15T03:50:28Z,1002X19803C1,19803,C1,0,98305,98304,2026-04-15T05:59:00,17000,98305,E,40.4924,-3.593483,10,False,2,1
2026-04-15T03:50:28Z,1002X19802C1,19802,C1,0,17000,98003,2026-04-15T06:24:00,98305,17000,E,40.47102,-3.6825693,10,False,12,2
2026-04-15T03:50:28Z,1002X19527C5,19527,C5,0,35012,35002,2026-04-15T06:05:00,35607,35012,E,40.25559,-3.8284667,10,False,1,1
2026-04-15T03:50:28Z,1002X19533C5,19533,C5,0,35012,35002,2026-04-15T06:20:00,35607,35012,E,40.25559,-3.8284667,10,False,1,1
2026-04-15T03:50:28Z,1002X19531C5,19531,C5,0,35012,35002,2026-04-15T06:10:00,35607,35012,E,40.25559,-3.8284667,10,False,1,1
2026-04-15T03:50:28Z,1002X20409C4b,20409,C4b,0,18000,18101,2026-04-15T05:59:00,17005,18000,E,40.40654,-3.6895106,10,False,6,1
2026-04-15T03:50:28Z,1002X20408C4b,20408,C4b,0,17005,17004,2026-04-15T06:24:00,37012,17005,E,40.644844,-3.7762609,10,True,3,3
2026-04-15T03:50:28Z,1002X20407C4b,20407,C4b,10,60100,60100,2026-04-15T05:49:00,17005,37012,A,40.352676,-3.684073,10,True,2,2
2026-04-15T03:50:28Z,1002X20406C4b,20406,C4b,-1,17005,17004,2026-04-15T06:10:00,37012,17005,E,40.644844,-3.7762609,10,True,3,3
2026-04-15T03:50:28Z,1002X20405C4b,20405,C4b,0,17009,17003,2026-04-15T05:51:00,17005,18000,E,40.54373,-3.7003317,10,True,1,1
2026-04-15T03:50:28Z,1002X19508C5,19508,C5,0,35605,35604,2026-04-15T05:50:00,35012,35607,S,40.3503,-3.8317595,10,False,1,1
2026-04-15T03:50:28Z,1002X20402C4b,20402,C4b,3,17005,17004,2026-04-15T05:51:00,37012,17005,90.0,40.608513,-3.7201612,10,True,3,3
2026-04-15T03:50:28Z,1002X19509C5,19509,C5,0,35009,37001,2026-04-15T05:45:00,35607,35012,S,40.34086,-3.7482634,10,False,1,4
2026-04-15T03:50:28Z,1002X19504C5,19504,C5,0,35703,35703,2026-04-15T05:51:00,35012,35607,A,40.367134,-3.7043796,10,False,2,2
2026-04-15T03:50:28Z,1002X19503C5,19503,C5,0,18003,18000,2026-04-15T05:43:00,35607,35012,E,40.39592,-3.6779969,10,False,1,9
2026-04-15T03:50:28Z,1002X19505C5,19505,C5,0,35703,35702,2026-04-15T05:44:00,35607,35012,E,40.367134,-3.7043796,10,False,1,1
2026-04-15T03:50:28Z,1002X19510C5,19510,C5,0,35607,35606,2026-04-15T05:53:00,35012,35607,E,40.330883,-3.8823783,10,False,2,1
2026-04-15T03:50:28Z,1002X19513C5,19513,C5,0,35011,35011,2026-04-15T05:44:00,35607,35012,A,40.312492,-3.78335,10,False,1,1
2026-04-15T03:50:28Z,1002X19512C5,19512,C5,0,35607,35606,2026-04-15T06:01:00,35012,35607,E,40.330883,-3.8823783,10,False,2,1
2026-04-15T03:50:28Z,1002X35020C10,35020,C10,0,18003,18003,2026-04-15T05:51:00,10000,17000,A,40.395943,-3.677964,10,False,2,2
2026-04-15T03:50:28Z,1002X19518C5,19518,C5,0,35607,35606,2026-04-15T06:17:00,35012,35607,E,40.330883,-3.8823783,10,False,2,1
2026-04-15T03:50:28Z,1002X76811C7,76811,C7,4,70105,70104,2026-04-15T05:53:00,10000,70200,35.0,40.4889,-3.3666708,10,False,1,1
2026-04-15T03:50:28Z,1002X76813C7,76813,C7,0,70200,70105,2026-04-15T06:21:00,10000,70200,E,40.4889,-3.3666708,10,False,1,1
